,movie,percentage
0,Vantage Point_0443274_anno.txt,0.339465
1,Hellbound Hellraiser II_0095294_anno.txt,0.557923
2,Prometheus_1446714_anno.txt,0.546929
3,Joy_2446980_anno.txt,0.547987
4,One Chance_1196956_anno.txt,0.679539
5,The Bodyguard_0103855_anno.txt,0.576376
6,Prince of Persia The Sands of Time_0473075_anno.txt,0.709677
7,Broken Arrow_0115759_anno.txt,0.587556
8,Take Shelter_1675192_anno.txt,0.680295
9,Life Itself_5989218_anno.txt,0.457246
10,Entrapment_0629253_anno.txt,0.91282
11,Bareilly Ki Barfi_6967980_anno.txt,0.582875
12,Scream 2_0120082_anno.txt,0.348902
13,Grand Hotel_0022958_anno.txt,0.477097
14,Daredevil_0287978_anno.txt,0.487196
15,Stigmata_0145531_anno.txt,0.646348
16,JFK_0102138_anno.txt,0.475549
17,Batman_0096895_anno.txt,0.485096
18,Sleuth_0857265_anno.txt,0.933717
19,Arrival_2543164_anno.txt,0.686775
20,If Beale Street Could Talk_7125860_anno.txt,0.533586
21,Rise of the Guardians_1446192_anno.txt,0.489787
22,The Conjuring_1457767_anno.txt,0.553229
23,8MM_0134273_anno.txt,0.659123
24,Four Weddings and a Funeral_0109831_anno.txt,0.512285
25,Ready to Wear_0110907_anno.txt,0.209367
26,I Love You Phillip Morris_1045772_anno.txt,0.702505
27,Lady Bird_4925292_anno.txt,0.638307
28,Frequency_0186151_anno.txt,0.688923
29,Urban Legend_0146336_anno.txt,0.449229
30,Identity_0309698_anno.txt,0.419553
31,Pitch Perfect 2_2848292_anno.txt,0.389984
32,Nebraska_1804272_anno.txt,0.632844
33,Chill Factor_0163579_anno.txt,0.699352
34,The Scarlet Letter_0114345_anno.txt,0.287256
35,The Departed_0407887_anno.txt,0.544875
36,Four Lions_1341167_anno.txt,0.666725
37,Mississippi Grind_2349144_anno.txt,0.801046
38,Cool Runnings_0106611_anno.txt,0.586259
39,The Croods_0481499_anno.txt,0.665937
40,Super Mario Bros_0108255_anno.txt,0.493387
41,A Hard Day s Night_0058182_anno.txt,0.467864
42,One Good Turn_0021214_anno.txt,0.661442
43,I Know What You Did Last Summer_0119345_anno.txt,0.566834
44,Oldboy_0364569_anno.txt,0.656146
45,Buffy the Vampire Slayer_0118276_anno.txt,0.518866
46,Coal Miner s Daughter_0080549_anno.txt,0.724697
47,Harry Potter and the Deathly Hallows Part 1_0926084_anno.txt,0.573577
48,Under the Silver Lake_5691670_anno.txt,0.474977
49,A Single Man_1315981_anno.txt,0.768022
50,Raging Bull_0081398_anno.txt,0.801723
51,Heavy Metal_0082509_anno.txt,0.328275
52,Panther_0114084_anno.txt,0.405583
53,The Big Blue_0095250_anno.txt,0.716853
54,Don t Look Now_0069995_anno.txt,0.262329
55,Second Act_2126357_anno.txt,0.550075
56,Iron Man_0371746_anno.txt,0.573975
57,The Wedding Singer_0120888_anno.txt,0.580457
58,Jack Goes Boating_1278379_anno.txt,0.726421
59,She s Out of My League_0815236_anno.txt,0.626599
60,Booksmart_1489887_anno.txt,0.661255
61,Spider Man 2_0316654_anno.txt,0.588988
62,Resident Evil Extinction_0432021_anno.txt,0.479378
63,Hardware_0099740_anno.txt,0.612671
64,1917_8579674_anno.txt,0.654821
65,Atonement_0783233_anno.txt,0.471713
66,Norman_4191702_anno.txt,0.531936
67,The Time Traveler s Wife_0452694_anno.txt,0.764985
68,Beavis and Butt Head Do America_0115641_anno.txt,0.509431
69,Affliction_0118564_anno.txt,0.617912
70,The Guard_1540133_anno.txt,0.637691
71,License to Drive_0095519_anno.txt,0.622951
72,Awakenings_0099077_anno.txt,0.431781
73,Harold Kumar Go to White Castle_0366551_anno.txt,0.714082
74,Vacancy_0452702_anno.txt,0.804161
75,Cougar Town_1441109_anno.txt,0.404113
76,Velvet Buzzsaw_7043012_anno.txt,0.464053
77,The Horse Whisperer_0119314_anno.txt,0.670829
78,Hostage_0340163_anno.txt,0.513964
79,The Adventures of Buckaroo Banzai Across the 8th Dimension_0086856_anno.txt,0.408322
80,The Ruins_0963794_anno.txt,0.769534
81,Something Wicked This Way Comes_0086336_anno.txt,0.552513
82,Man on the Moon_0125664_anno.txt,0.627143
83,Made in Dagenham_1371155_anno.txt,0.473942
84,About Schmidt_0257360_anno.txt,0.625108
85,My Own Private Idaho_0102494_anno.txt,0.538622
86,Brazil_0088846_anno.txt,0.472321
87,The X Files Fight the Future Blooper Reel_7083566_anno.txt,0.67059
88,Crimson Peak_2554274_anno.txt,0.718486
89,Safety Not Guaranteed_1862079_anno.txt,0.75456
90,The Fly_0091064_anno.txt,0.910673
91,Den of Thieves_1259528_anno.txt,0.521268
92,True Romance_0108399_anno.txt,0.572553
93,Coming Home_0077362_anno.txt,0.467546
94,Crazy Rich Asians_3104988_anno.txt,0.456132
95,Two and a Half Men_0369179_anno.txt,0.667875
96,Life as a House_0264796_anno.txt,0.629531
97,The Sixth Sense_0167404_anno.txt,0.715273
98,The Apartment_0053604_anno.txt,0.792521
99,War Horse_1568911_anno.txt,0.275718
100,The Bonfire of the Vanities_0099165_anno.txt,0.394583
101,This Is 40_1758830_anno.txt,0.668352
102,Mr Destiny_0100201_anno.txt,0.640003
103,Midsommar_8772262_anno.txt,0.537882
104,Logan s Run_0074812_anno.txt,0.636498
105,The Sting II_0086370_anno.txt,0.401704
106,The Nines_0810988_anno.txt,0.404974
107,Wrongfully Accused_0120901_anno.txt,0.558247
108,Big Eyes_1126590_anno.txt,0.581288
109,One Eight Seven_0118531_anno.txt,0.97906
110,Triple Frontier_1488606_anno.txt,0.543048
111,The Electric Horseman_0079100_anno.txt,0.483914
112,Carrie_0074285_anno.txt,0.457161
113,Thunderheart_0105585_anno.txt,0.706515
114,Mr Right_2091935_anno.txt,0.637862
115,The Sessions_1866249_anno.txt,0.744629
116,Logan_3315342_anno.txt,0.46563
117,Planet 51_0762125_anno.txt,0.588719
118,The Interview_2788710_anno.txt,0.686151
119,A Beautiful Mind_0268978_anno.txt,0.618439
120,Batman Returns_0103776_anno.txt,0.390126
121,The Spy Who Dumped Me_6663582_anno.txt,0.752357
122,Body of Lies_0758774_anno.txt,0.679134
123,Land of the Dead_0418819_anno.txt,0.479676
124,Saving Mr Banks_2140373_anno.txt,0.558884
125,Beverly Hills Cop_0086960_anno.txt,0.531571
126,Ready Player One_1677720_anno.txt,0.532612
127,Cloud Atlas_1371111_anno.txt,0.309275
128,You ve Got Mail_0128853_anno.txt,0.64142
129,Idle Hands_0138510_anno.txt,0.547409
130,ATM_1603257_anno.txt,0.945502
131,The Watermelon Woman_0118125_anno.txt,0.610344
132,Million Dollar Baby_0405159_anno.txt,0.754779
133,Spellbinder_0096152_anno.txt,0.615721
134,Call Me by Your Name_5726616_anno.txt,0.714809
135,The Jackal_0119395_anno.txt,0.481656
136,Margaret_0466893_anno.txt,0.50926
137,A Perfect Getaway_0971209_anno.txt,0.488529
138,Julia_0076245_anno.txt,0.422766
139,Mimic_0119675_anno.txt,0.663824
140,First They Killed My Father_4882376_anno.txt,0.383527
141,The Wife_3750872_anno.txt,0.663998
142,Frances Ha_2347569_anno.txt,0.739523
143,Beauty and the Beast_2771200_anno.txt,0.415534
144,White Christmas_0047673_anno.txt,0.588589
145,The Passion of the Christ_0335345_anno.txt,0.367613
146,Tootsie_0084805_anno.txt,0.468912
147,21 Jump Street_1232829_anno.txt,0.632839
148,Basic Instinct_0103772_anno.txt,0.748939
149,The X Files_0120902_anno.txt,0.67059
150,The Lost World Jurassic Park_0119567_anno.txt,0.501819
151,Grand Theft Parsons_0338075_anno.txt,0.65451
152,Sleepy Hollow_0162661_anno.txt,0.640968
153,Carol_2402927_anno.txt,0.633337
154,Molly s Game_4209788_anno.txt,0.761956
155,Upstream Color_2084989_anno.txt,0.543863
156,The Brady Bunch Movie_0112572_anno.txt,0.395029
157,Looney Tunes Back in Action_0318155_anno.txt,0.509398
158,The Seventh Victim_0036341_anno.txt,0.478989
159,City of Joy_0103976_anno.txt,0.522083
160,Tamara Drewe_1486190_anno.txt,0.421042
161,The Verdict_0084855_anno.txt,0.6151
162,Batman Year One_1672723_anno.txt,0.374724
163,The Lion in Winter_0063227_anno.txt,0.712015
164,Ocean s Eight_5164214_anno.txt,0.463706
165,Warrior_1291584_anno.txt,0.414125
166,Apocalypse Now_0078788_anno.txt,0.522091
167,My Week with Marilyn_1655420_anno.txt,0.505223
168,Chasing Amy_0118842_anno.txt,0.719954
169,Good Night and Good Luck_0433383_anno.txt,0.466624
170,Friends with Benefits_1632708_anno.txt,0.783707
171,Three Men and a Baby_0094137_anno.txt,0.738023
172,The Town_0840361_anno.txt,0.666002
173,Harry Potter and the Sorcerer s Stone_0241527_anno.txt,0.345727
174,Mirrors_0790686_anno.txt,0.578434
175,Breakdown_0118771_anno.txt,0.626104
176,The Man Who Knew Too Much_0049470_anno.txt,0.585192
177,Inherent Vice_1791528_anno.txt,0.578371
178,The Edge of Seventeen_1878870_anno.txt,0.762179
179,Bridesmaids_1478338_anno.txt,0.571591
180,The Cabin in the Woods_1259521_anno.txt,0.4087
181,Little Men_4919484_anno.txt,0.524769
182,Body Snatchers_0106452_anno.txt,0.771862
183,Cabin Fever Family Friendly Version_1010382_anno.txt,0.297578
184,The Angriest Man in Brooklyn_1294970_anno.txt,0.512362
185,xXx_0295701_anno.txt,0.692916
186,The Boxtrolls_0787474_anno.txt,0.484596
187,The Day After_0085404_anno.txt,0.208002
188,Agnes of God_0088683_anno.txt,0.861637
189,Close Encounters of the Third Kind_0075860_anno.txt,0.423298
190,The Legend of Zorro_0386140_anno.txt,0.554521
191,Ghost_0099653_anno.txt,0.655023
192,Citizen Kane_0033467_anno.txt,0.497428
193,The Human Stain_0308383_anno.txt,0.494126
194,Wild at Heart_0100935_anno.txt,0.603383
195,Analyze This_0122933_anno.txt,0.670844
196,Mrs Winterbourne_0117104_anno.txt,0.654727
197,Denial_4645330_anno.txt,0.618537
198,Boyhood_1065073_anno.txt,0.553927
199,Green Room_4062536_anno.txt,0.475209
200,Superman II_0081573_anno.txt,0.61655
201,Jacob s Ladder_0099871_anno.txt,0.594012
202,Conquest of the Planet of the Apes_0068408_anno.txt,0.322851
203,As Above So Below_2870612_anno.txt,0.831192
204,Joker_7286456_anno.txt,0.563704
205,Con Air_0118880_anno.txt,0.419048
206,Rear Window_0047396_anno.txt,0.796655
207,Please Give_0878835_anno.txt,0.521871
208,Hellraiser Deader_0337636_anno.txt,0.602143
209,The Day the Earth Stood Still_0043456_anno.txt,0.514999
210,28 Days_0191754_anno.txt,0.530971
211,48 Hrs_0083511_anno.txt,0.7143
212,Interview with the Vampire The Vampire Chronicles_0110148_anno.txt,0.823031
213,Hustlers_5503686_anno.txt,0.676815
214,DragonHeart_0116136_anno.txt,0.552222
215,Snowpiercer_1706620_anno.txt,0.508541
216,Margin Call_1615147_anno.txt,0.520353
217,Rambo First Blood Part II_0089880_anno.txt,0.641524
218,The Farewell_8637428_anno.txt,0.62594
219,Pi_0138704_anno.txt,0.699949
220,Batman Mask of the Phantasm_0106364_anno.txt,0.486219
221,Mystery of the Wax Museum_0024368_anno.txt,0.538966
222,Jaws 3 D_0085750_anno.txt,0.638754
223,Kill Your Darlings_1311071_anno.txt,0.577088
224,The Man Who Wasn t There_0243133_anno.txt,0.608943
225,Mr Blandings Builds His Dream House_0040613_anno.txt,0.639545
226,The Hitchhiker s Guide to the Galaxy_0371724_anno.txt,0.441723
227,Made for Each Other_0031602_anno.txt,0.702475
228,Red Sparrow_2873282_anno.txt,0.492151
229,Terminator 2 Judgment Day_0103064_anno.txt,0.592922
230,Days of Heaven_0077405_anno.txt,0.714657
231,Baby Driver_3890160_anno.txt,0.574866
232,Chaos Walking_2076822_anno.txt,0.470441
233,Gone with the Wind_0031381_anno.txt,0.179119
234,The Patriot_0187393_anno.txt,0.591918
235,Rock Rule_0086203_anno.txt,0.424089
236,Master and Commander The Far Side of the World_0311113_anno.txt,0.670464
237,Edtv_0131369_anno.txt,0.568967
238,The Paradise Virus_0352696_anno.txt,0.658063
239,Wayside_1059741_anno.txt,0.832602
240,Jason Goes to Hell The Final Friday_0107254_anno.txt,0.492668
241,Serenity_0379786_anno.txt,0.440905
242,Hancock_0448157_anno.txt,0.376548
243,Zootopia_2948356_anno.txt,0.60243
244,Little Athens_0417907_anno.txt,0.318463
245,Richard Jewell_3513548_anno.txt,0.580214
246,Gattaca_0119177_anno.txt,0.455273
247,April Fool s Day_0090655_anno.txt,0.312672
248,Vertigo_0052357_anno.txt,0.284366
249,Casino_0112641_anno.txt,0.715278
250,The Birth of a Nation_4196450_anno.txt,0.497044
251,A Nightmare on Elm Street 3 Dream Warriors_0093629_anno.txt,0.487665
252,The Killing of a Sacred Deer_5715874_anno.txt,0.742756
253,The Last Temptation of Christ_0095497_anno.txt,0.582791
254,Prom Night_0081383_anno.txt,0.301473
255,Death at a Funeral_1321509_anno.txt,0.438697
256,Untraceable_0880578_anno.txt,0.565612
257,Harlem Nights_0097481_anno.txt,0.40607
258,Road to Perdition_0257044_anno.txt,0.513343
259,Angel Eyes_0225071_anno.txt,0.742988
260,An Officer and a Gentleman_0084434_anno.txt,0.580798
261,Sunset Blvd_0043014_anno.txt,0.668464
262,The Talented Mr Ripley_0134119_anno.txt,0.704713
263,The Stunt Man_0081568_anno.txt,0.646695
264,The Last Picture Show_0067328_anno.txt,0.390048
265,Equilibrium_0238380_anno.txt,0.416451
266,Patton_0066206_anno.txt,0.588637
267,Death Sentence_0804461_anno.txt,0.513746
268,Kick Ass_1250777_anno.txt,0.507214
269,Larry Crowne_1583420_anno.txt,0.474176
270,Hider in the House_0097503_anno.txt,0.683781
271,All That Jazz_0078754_anno.txt,0.432442
272,Jennifer 8_0104549_anno.txt,0.668305
273,Rocky_0075148_anno.txt,0.519704
274,The Four Feathers_0240510_anno.txt,0.461555
275,Frances_0083967_anno.txt,0.606221
276,Krull_0085811_anno.txt,0.574677
277,The Nice Guys_3799694_anno.txt,0.692646
278,The Place Beyond the Pines_1817273_anno.txt,0.397733
279,Bad Words_2170299_anno.txt,0.59146
280,Final Analysis_0104265_anno.txt,0.618174
281,An American Werewolf in London_0082010_anno.txt,0.701835
282,Fatal Instinct_0106873_anno.txt,0.600875
283,The Godfather Coda The Death of Michael Corleone_0099674_anno.txt,0.228081
284,Monster_0340855_anno.txt,0.729865
285,The Hunger Games_1392170_anno.txt,0.508044
286,Sphere_0120184_anno.txt,0.70728
287,Shampoo_0073692_anno.txt,0.634634
288,Life_0123964_anno.txt,0.675083
289,Mission Impossible II_0120755_anno.txt,0.542997
290,Hot Fuzz_0425112_anno.txt,0.599494
291,Pulp Fiction_0110912_anno.txt,0.483554
292,Poltergeist_0084516_anno.txt,0.569837
293,The 7th Voyage of Sinbad_0051337_anno.txt,0.493937
294,Bad Country_2350892_anno.txt,0.458811
295,Moonrise Kingdom_1748122_anno.txt,0.43887
296,Victor Frankenstein_1976009_anno.txt,0.636051
297,Sling Blade_0117666_anno.txt,0.560793
298,The Karate Kid_0087538_anno.txt,0.492806
299,Palm Springs_9484998_anno.txt,0.801374
300,Car Wash_0074281_anno.txt,0.195616
301,Outbreak_0525549_anno.txt,0.494357
302,A Clockwork Orange_0066921_anno.txt,0.586851
303,The Thin Red Line_0120863_anno.txt,0.279195
304,Moonstruck_0093565_anno.txt,0.536239
305,Gone Girl_2267998_anno.txt,0.600014
306,Frost Nixon_0870111_anno.txt,0.671819
307,Monty Python and the Holy Grail_0071853_anno.txt,0.434458
308,A Goofy Movie_0113198_anno.txt,0.692838
309,Singin in the Rain_0045152_anno.txt,0.200961
310,Goldfinger_0058150_anno.txt,0.6633
311,Man on Fire_0328107_anno.txt,0.524989
312,The Miracle Worker_0056241_anno.txt,0.417468
313,I Smile Back_3640682_anno.txt,0.699512
314,American Milkshake_2254364_anno.txt,0.525893
315,Arctic Blue_0106303_anno.txt,0.595456
316,Dune_0087182_anno.txt,0.462619
317,Percy Jackson the Olympians The Lightning Thief_0814255_anno.txt,0.549162
318,Wonder Woman_0451279_anno.txt,0.596075
319,Sweeney Todd The Demon Barber of Fleet Street_0408236_anno.txt,0.536111
320,Phone Booth_0183649_anno.txt,0.817551
321,Steve Jobs_2080374_anno.txt,0.770748
322,A Dangerous Method_1571222_anno.txt,0.84889
323,Notorious_0472198_anno.txt,0.449653
324,The Godfather_0068646_anno.txt,0.468932
325,Minority Report_0181689_anno.txt,0.451438
326,The Best Little Whorehouse in Texas_0083642_anno.txt,0.54499
327,Suburbicon_0491175_anno.txt,0.348721
328,American Gangster_0765429_anno.txt,0.505567
329,The House Bunny_0852713_anno.txt,0.587874
330,Wild Hogs_0486946_anno.txt,0.506646
331,Sausage Party_1700841_anno.txt,0.389861
332,Titanic_0120338_anno.txt,0.468835
333,Die Hard with a Vengeance_0112864_anno.txt,0.54337
334,Fracture_0488120_anno.txt,0.668567
335,The Fog_0080749_anno.txt,0.467585
336,The Ploughman s Lunch_0086122_anno.txt,0.484605
337,The Salton Sea_0235737_anno.txt,0.58449
338,This Is the End_1245492_anno.txt,0.578016
339,Totem_6791238_anno.txt,0.777878
340,Almost Famous_0181875_anno.txt,0.46968
341,Eagle Eye_1059786_anno.txt,0.518825
342,Signs_0286106_anno.txt,0.674021
343,The Grifters_0099703_anno.txt,0.657892
344,Indiana Jones and the Last Crusade_0097576_anno.txt,0.653591
345,The Jazz Singer_0018037_anno.txt,0.651899
346,Frailty_0264616_anno.txt,0.771868
347,The American President_0112346_anno.txt,0.680399
348,An Act of Murder_0040072_anno.txt,0.431759
349,Warm Springs_0423510_anno.txt,0.524606
350,The Hudsucker Proxy_0110074_anno.txt,0.557313
351,Erin Brockovich_0195685_anno.txt,0.75619
352,Chinatown_0071315_anno.txt,0.693299
353,Superman III_0086393_anno.txt,0.457631
354,Malcolm X_0104797_anno.txt,0.545655
355,Into the Woods_2180411_anno.txt,0.471625
356,The Manchurian Candidate_0368008_anno.txt,0.576504
357,Invaders from Mars_0091276_anno.txt,0.409605
358,Out of the Blue Part 1_2542334_anno.txt,0.556108
359,The Warriors_0080120_anno.txt,0.28699
360,Star Wars Episode III Revenge of the Sith_0121766_anno.txt,0.554153
361,DeepStar Six_0097179_anno.txt,0.487835
362,Chain Reaction_0115857_anno.txt,0.47958
363,Thelma Louise_0103074_anno.txt,0.770796
364,The Time Machine_0054387_anno.txt,0.636304
365,Trumbo_3203606_anno.txt,0.502085
366,Groundhog Day_0107048_anno.txt,0.69055
367,Match Point_0416320_anno.txt,0.587417
368,Reunion_0483314_anno.txt,0.681981
369,Killing Zoe_0110265_anno.txt,0.689502
370,The Front Runner_7074886_anno.txt,0.374763
371,Candle to Water_2387411_anno.txt,0.416492
372,The Danish Girl_0810819_anno.txt,0.635377
373,The Two Popes_8404614_anno.txt,0.650819
374,American Outlaws_0244000_anno.txt,0.475714
375,Lost_0411008_anno.txt,0.396395
376,Melvin and Howard_0081150_anno.txt,0.573878
377,Paradise_1262990_anno.txt,0.761048
378,Babel_0449467_anno.txt,0.365533
379,Cloudy with a Chance of Meatballs_0844471_anno.txt,0.680148
380,Who Framed Roger Rabbit_0096438_anno.txt,0.591926
381,Barry Lyndon_0072684_anno.txt,0.720677
382,The Pacifier_0395699_anno.txt,0.546623
383,RED_1245526_anno.txt,0.599451
384,It s Complicated_1230414_anno.txt,0.735823
385,Very Bad Things_0124198_anno.txt,0.600804
386,The Imitation Game_2084970_anno.txt,0.576043
387,The Ring_0298130_anno.txt,0.638736
388,Diary of a Wimpy Kid_1196141_anno.txt,0.641853
389,Airplane II The Sequel_0083530_anno.txt,0.364811
390,Locke_2692904_anno.txt,0.769433
391,The Founder_4276820_anno.txt,0.654295
392,Apache Drums_0043291_anno.txt,0.405095
393,American Psycho_0144084_anno.txt,0.65657
394,Vox Lux_5960374_anno.txt,0.696305
395,Julieta_4326444_anno.txt,0.580775
396,A History of Violence_0399146_anno.txt,0.524192
397,The Woodsman_0361127_anno.txt,0.690342
398,Being Human_0106379_anno.txt,0.48742
399,Hocus Pocus_0107120_anno.txt,0.417524
400,Pet Sematary II_0105128_anno.txt,0.436074
401,Jaws The Revenge_0093300_anno.txt,0.580853
402,Sully_3263904_anno.txt,0.446212
403,Kill Bill Vol 1_0266697_anno.txt,0.606109
404,Mary Queen of Scots_2328900_anno.txt,0.56552
405,Dumb and Dumber_0109686_anno.txt,0.731661
406,Bruce Almighty_0315327_anno.txt,0.667792
407,Silver Streak_0075223_anno.txt,0.498359
408,Beginners_1532503_anno.txt,0.734146
409,Lucy_2872732_anno.txt,0.475041
410,Welcome to Upload_9072146_anno.txt,0.670954
411,Batman Begins_0372784_anno.txt,0.354205
412,The Spirit of St Louis_0051003_anno.txt,0.449954
413,Splice_1017460_anno.txt,0.848243
414,The Adjustment Bureau_1385826_anno.txt,0.492849
415,Never Let Me Go_1334260_anno.txt,0.675739
416,Ryan Hansen Solves Crimes on Television_7068580_anno.txt,0.832608
417,Lost Souls_0160484_anno.txt,0.618876
418,Click_0389860_anno.txt,0.71958
419,Star Trek_0796366_anno.txt,0.441602
420,The Babysitter_4225622_anno.txt,0.683974
421,Runaway Bride_0163187_anno.txt,0.64438
422,The Lincoln Lawyer_1189340_anno.txt,0.578323
423,The Great Escape_0057115_anno.txt,0.278363
424,Nurse Betty_0171580_anno.txt,0.440536
425,The Mask of Zorro_0120746_anno.txt,0.479411
426,The Nightmare Before Christmas_0107688_anno.txt,0.60366
427,Synecdoche New York_0383028_anno.txt,0.526843
428,The Diary of a Teenage Girl_3172532_anno.txt,0.711019
429,The Flintstones_0109813_anno.txt,0.478359
430,Spanglish_0371246_anno.txt,0.617919
431,30 Rock_0496424_anno.txt,0.5145
432,Thief_0083190_anno.txt,0.702166
433,The Birds_0056869_anno.txt,0.586269
434,Blazing Saddles_0071230_anno.txt,0.407382
435,Scooby Doo_0267913_anno.txt,0.513558
436,Thank You for Smoking_0427944_anno.txt,0.542835
437,The Thing from Another World_0044121_anno.txt,0.400321
438,The Island_0399201_anno.txt,0.393187
439,Pitch Black_0134847_anno.txt,0.710989
440,The Crow City of Angels_0115986_anno.txt,0.521789
441,Zodiac_0443706_anno.txt,0.414772
442,The Empty Mirror_0116192_anno.txt,0.861984
443,Up Close Personal_0118055_anno.txt,0.685689
444,Stan Ollie_3385524_anno.txt,0.714429
445,Drive_0780504_anno.txt,0.52247
446,Rush_1979320_anno.txt,0.608752
447,Only God Forgives_1602613_anno.txt,0.625969
448,Disclosure_0109635_anno.txt,0.544698
449,Meet Joe Black_0119643_anno.txt,0.606588
450,Bram Stoker s Dracula_0103874_anno.txt,0.28683
451,The Rock_0117500_anno.txt,0.498368
452,X Men_0120903_anno.txt,0.477001
453,Body Heat_0082089_anno.txt,0.685661
454,Chaos_0402910_anno.txt,0.577377
455,The Punisher_0098141_anno.txt,0.447305
456,The Sandwich Days_1629412_anno.txt,0.849558
457,The Hills Have Eyes_0454841_anno.txt,0.410397
458,Jane Eyre_1229822_anno.txt,0.676965
459,Superfights_0114582_anno.txt,0.580074
460,The Happy Prince_2404639_anno.txt,0.731551
461,Kramer vs Kramer_0079417_anno.txt,0.591089
462,Seven Psychopaths_1931533_anno.txt,0.690079
463,Psycho_0054215_anno.txt,0.472573
464,The Help_1454029_anno.txt,0.481339
465,Mighty Morphin Power Rangers The Movie_0113820_anno.txt,0.369487
466,Letters from Iwo Jima_0498380_anno.txt,0.463903
467,The Mummy Returns_0209163_anno.txt,0.368919
468,The Wild Bunch_0065214_anno.txt,0.326239
469,Necromancer_0095716_anno.txt,0.466792
470,The Next Three Days_1458175_anno.txt,0.566859
471,Beasts of No Nation_1365050_anno.txt,0.642486
472,The Blair Witch Project_0185937_anno.txt,0.9906
473,The Lego Movie_1490017_anno.txt,0.487164
474,Broadcast News_0092699_anno.txt,0.711533
475,The Life Aquatic with Steve Zissou_0362270_anno.txt,0.715922
476,Downhill_4558376_anno.txt,0.690946
477,3 Godfathers_0040064_anno.txt,0.468932
478,Cloverfield_1060277_anno.txt,0.549597
479,Star Trek The Motion Picture_0079945_anno.txt,0.544674
480,Queen of the Damned_0238546_anno.txt,0.568644
481,The Sun Is also a Star_6423362_anno.txt,0.81278
482,Heavenly Creatures_0110005_anno.txt,0.0
483,One Flew Over the Cuckoo s Nest_0073486_anno.txt,0.65764
484,Grosse Pointe Blank_0119229_anno.txt,0.539106
485,My Best Friend s Wedding_0119738_anno.txt,0.798094
486,My Mother Dreams the Satan s Disciples in New York_0177023_anno.txt,0.751697
487,Honeydripper_0829193_anno.txt,0.473584
488,Valkyrie_0985699_anno.txt,0.46452
489,Jay and Silent Bob Strike Back_0261392_anno.txt,0.513857
490,Ordinary People_0081283_anno.txt,0.611797
491,I ll Do Anything_0110097_anno.txt,0.6051
492,Rocky Balboa_0479143_anno.txt,0.544235
493,Chocolat_0241303_anno.txt,0.434395
494,The Jerk_0079367_anno.txt,0.593519
495,Crazylove_0416658_anno.txt,0.663934
496,Reign of Fire_0253556_anno.txt,0.683453
497,Queen Slim_8722346_anno.txt,0.70517
498,Knight and Day_1013743_anno.txt,0.79258
499,Silver Linings Playbook_1045658_anno.txt,0.720304
500,Mid90s_5613484_anno.txt,0.562232
501,Shine_0117631_anno.txt,0.475007
502,The Jolson Story_0038661_anno.txt,0.721737
503,The Matrix Reloaded_0234215_anno.txt,0.466761
504,Three Sappy People_0032029_anno.txt,0.687854
505,The Game_0119174_anno.txt,0.63869
506,The Phantom of the Opera_0293508_anno.txt,0.392793
507,A Simple Plan_0120324_anno.txt,0.640427
508,Knives Out_8946378_anno.txt,0.517073
509,Jurassic Park III_0163025_anno.txt,0.670263
510,The War of the Worlds_0046534_anno.txt,0.373982
511,Predator 2_0100403_anno.txt,0.524766
512,The Last House on the Left_0844708_anno.txt,0.548656
513,Outland_0082869_anno.txt,0.457892
514,The Lost Weekend_0037884_anno.txt,1.0
515,American History X_0120586_anno.txt,0.491012
516,The Expendables_1320253_anno.txt,0.422305
517,The Fault in Our Stars_2582846_anno.txt,0.661083
518,Lost in Space_0120738_anno.txt,0.487177
519,Pearl Harbor_0213149_anno.txt,0.442352
520,Freaked_0109838_anno.txt,0.447685
521,Novitiate_4513316_anno.txt,0.784994
522,Edge of Tomorrow_1631867_anno.txt,0.791593
523,Beloved_0120603_anno.txt,0.592766
524,Rosemary s Baby_0063522_anno.txt,0.614086
525,Lady Antebellum Lookin for a Good Time_10871176_anno.txt,0.808167
526,Slackers_0240900_anno.txt,0.646092
527,Remember Me_1403981_anno.txt,0.687139
528,X Men The Animated Series_0103584_anno.txt,0.477001
529,The Girl Next Door_0265208_anno.txt,0.569769
530,Matchstick Men_0325805_anno.txt,0.740986
531,99 Homes_2891174_anno.txt,0.708601
532,A Star Is Born_0075265_anno.txt,0.729047
533,Les Mis rables_1707386_anno.txt,0.392413
534,The Pianist_0253474_anno.txt,0.369061
535,Cherry_9130508_anno.txt,0.440669
536,White House Down_2334879_anno.txt,0.55407
537,Munich_0408306_anno.txt,0.368639
538,Us_6857112_anno.txt,0.557456
539,The Imaginarium of Doctor Parnassus_1054606_anno.txt,0.473771
540,I Don t Feel at Home in This World Anymore_5710514_anno.txt,0.577201
541,Red Eye_0421239_anno.txt,0.657756
542,Four Rooms_0113101_anno.txt,0.507309
543,The Reader_0976051_anno.txt,0.544476
544,The Cooler_0318374_anno.txt,0.667633
545,RKO 281_0120801_anno.txt,0.545593
546,The Corruptor_0142192_anno.txt,0.660448
547,Tom and Huck_0112302_anno.txt,0.527323
548,While You Were Sleeping_0114924_anno.txt,0.507035
549,Tully_5610554_anno.txt,0.749555
550,Shadow Dancer_1770734_anno.txt,0.556616
551,The Ladykillers_0335245_anno.txt,0.749561
552,Ingrid Goes West_5962210_anno.txt,0.696073
553,Nothing But a Man_0058414_anno.txt,0.573953
554,Walking Tall_0351977_anno.txt,0.597303
555,Obsessed_1198138_anno.txt,0.610428
556,Solomon Kane_0970452_anno.txt,0.477098
557,Black Rain_0096933_anno.txt,0.615779
558,The Wedding Date_0372532_anno.txt,0.652892
559,Get Rich or Die Tryin_0430308_anno.txt,0.669162
560,Terminator Salvation_0438488_anno.txt,0.494664
561,Legend_0089469_anno.txt,0.603839
562,Kin_6017942_anno.txt,0.655089
563,The English Patient_0116209_anno.txt,0.483961
564,Blade Trinity_0359013_anno.txt,0.409326
565,Mission to Mars_0183523_anno.txt,0.590098
566,Pawn Sacrifice_1596345_anno.txt,0.636592
567,Strangers on a Train_0044079_anno.txt,0.642083
568,Bloodshot_1634106_anno.txt,0.59595
569,Any Given Sunday_0146838_anno.txt,0.469571
570,Skyline_1564585_anno.txt,0.628142
571,New Jack City_0102526_anno.txt,0.279731
572,Butter_1349451_anno.txt,0.505435
573,Kill Bill Vol 2_0378194_anno.txt,0.606109
574,2012_1190080_anno.txt,0.328229
575,Margot at the Wedding_0757361_anno.txt,0.780873
576,Hell or High Water_2582782_anno.txt,0.626897
577,The Sound of Music_0059742_anno.txt,0.466825
578,Next_0435705_anno.txt,0.62087
579,The Grudge_3612126_anno.txt,0.426011
580,Firetrap_0243907_anno.txt,0.68197
581,Inside Llewyn Davis_2042568_anno.txt,0.196839
582,Jade_0113451_anno.txt,0.329715
583,Supergirl_0088206_anno.txt,0.571031
584,The Faculty_0133751_anno.txt,0.363476
585,Mary Rose_0417952_anno.txt,0.546082
586,The Last Man on Earth_0058700_anno.txt,0.721361
587,Texas Chainsaw_1572315_anno.txt,0.597397
588,The Past_2404461_anno.txt,0.737344
589,The World s End_1213663_anno.txt,0.670106
590,It s a Wonderful Life_0038650_anno.txt,0.589655
591,Team America World Police_0372588_anno.txt,0.27285
592,Quartet_1441951_anno.txt,0.589387
593,Death Proof_1028528_anno.txt,0.260164
594,My Big Fat Greek Wedding 2_3760922_anno.txt,0.461988
595,The Anniversary Party_0254099_anno.txt,0.506952
596,An American Werewolf in Paris_0118604_anno.txt,0.638375
597,The Losers_0480255_anno.txt,0.459354
598,The Hitcher_0091209_anno.txt,0.689958
599,E T the Extra Terrestrial_0083866_anno.txt,0.514872
600,The Accidental Tourist_0094606_anno.txt,0.680862
601,Bill Ted s Excellent Adventure_0096928_anno.txt,0.673077
602,Piranha 3D_0464154_anno.txt,0.430338
603,Bill Ted s Bogus Journey_0101452_anno.txt,0.591346
604,The Utah Murder Project_0831374_anno.txt,0.442204
605,The Blast from the Past_0581053_anno.txt,0.644005
606,Waterworld_0114898_anno.txt,0.517113
607,The French Connection_0067116_anno.txt,0.457065
608,La La Land_3783958_anno.txt,0.762622
609,Truth_3859076_anno.txt,0.534947
610,King Kong_0024216_anno.txt,0.698883
611,Knocked Up_0478311_anno.txt,0.633266
612,The Fast and the Furious_0232500_anno.txt,0.541258
613,Capernaum_8267604_anno.txt,0.527314
614,I Hope They Serve Beer in Hell_1220628_anno.txt,0.722146
615,Evil Dead II_0092991_anno.txt,0.440824
616,Shrek the Third_0413267_anno.txt,0.4671
617,The Tourist_1243957_anno.txt,0.636067
618,All the Money in the World_5294550_anno.txt,0.590341
619,Scream 4_1262416_anno.txt,0.362568
620,House on Haunted Hill_0185371_anno.txt,0.578604
621,Wadjda_2258858_anno.txt,0.668235
622,Fun with Dick and Jane_0076059_anno.txt,0.530045
623,Missing_0084335_anno.txt,0.408357
624,Henry Fool_0122529_anno.txt,0.687454
625,Free Fire_4158096_anno.txt,0.561105
626,The Three Musketeers_0108333_anno.txt,0.412856
627,Constantine_0360486_anno.txt,0.69277
628,Passenger 57_0105104_anno.txt,0.551977
629,42_0453562_anno.txt,0.448183
630,Y The Last Man_8042500_anno.txt,0.556249
631,The Hours_0274558_anno.txt,0.480751
632,Peggy Sue Got Married_0091738_anno.txt,0.672144
633,Wedding Crashers_0396269_anno.txt,0.589229
634,Hannah and Her Sisters_0091167_anno.txt,0.536948
635,Great Expectations_0119223_anno.txt,0.454332
636,Hitchcock_0975645_anno.txt,0.497199
637,Ali_0248667_anno.txt,0.461937
638,Prince of Darkness_0093777_anno.txt,0.471842
639,Gremlins 2 The New Batch_0099700_anno.txt,0.364593
640,It Follows_3235888_anno.txt,0.578122
641,The Meyerowitz Stories_5536736_anno.txt,0.695214
642,St Vincent_2170593_anno.txt,0.643029
643,The Big Sick_5462602_anno.txt,0.66321
644,The Brave One_0476964_anno.txt,0.576011
645,Dead Silence_0455760_anno.txt,0.48552
646,The Fabulous Baker Boys_0097322_anno.txt,0.842356
647,Monsters Inc_0198781_anno.txt,0.675586
648,Invictus_1057500_anno.txt,0.443919
649,Bird Box_2737304_anno.txt,0.458454
650,The Babadook_2321549_anno.txt,0.78694
651,Assassination Nation_6205872_anno.txt,0.33063
652,30 Days of Night_0389722_anno.txt,0.610388
653,The Death of Stalin_4686844_anno.txt,0.548237
654,Brad s Status_5884230_anno.txt,0.707552
655,The Parallax View_0071970_anno.txt,0.39042
656,No Strings Attached_1411238_anno.txt,0.658433
657,Spider Man Into the Spider Verse_4633694_anno.txt,0.570679
658,Bad Teacher_1284575_anno.txt,0.554758
659,Gosford Park_0280707_anno.txt,0.259314
660,Law Abiding Citizen_1197624_anno.txt,0.576248
661,The Great Outdoors_0095253_anno.txt,0.635111
662,The Way Back_8544498_anno.txt,0.441918
663,The Lion King_0110357_anno.txt,0.441926
664,Ringu_0178868_anno.txt,0.656394
665,Full Body Massage_0113131_anno.txt,0.843767
666,Charlie Wilson s War_0472062_anno.txt,0.544385
667,Casablanca_0034583_anno.txt,0.555365
668,I Walked with a Zombie_0036027_anno.txt,0.576975
669,Requiem for a Dream_0180093_anno.txt,0.569724
670,Jonah A VeggieTales Movie_0298388_anno.txt,0.232361
671,Bright Angel_0101510_anno.txt,0.462954
672,How Do You Know_1341188_anno.txt,0.660562
673,Mr Nobody_0485947_anno.txt,0.442772
674,Lawrence of Arabia_0056172_anno.txt,0.39006
675,Battlestar Galactica_0407362_anno.txt,0.514736
676,Rachel Getting Married_1084950_anno.txt,0.655458
677,Live Free or Die Hard_0337978_anno.txt,0.400322
678,Tinker Tailor Soldier Spy_1340800_anno.txt,0.426828
679,Elf_0319343_anno.txt,0.531123
680,Bringing Out the Dead_0163988_anno.txt,0.573941
681,Dave_8531222_anno.txt,0.587029
682,Bad Boys for Life_1502397_anno.txt,0.607934
683,Extract_1225822_anno.txt,0.560722
684,Quo Vadis_0043949_anno.txt,0.464189
685,Searching for Bobby Fischer_0108065_anno.txt,0.513784
686,Ishtar_0093278_anno.txt,0.361363
687,Apt Pupil_0118636_anno.txt,1.0
688,Wind River_5362988_anno.txt,0.664334
689,The Hindenburg_0073113_anno.txt,0.289611
690,Mistress America_2872462_anno.txt,0.712377
691,The Best Exotic Marigold Hotel_1412386_anno.txt,0.405525
692,Damien Omen II_0077394_anno.txt,0.363934
693,Game 6_0425055_anno.txt,0.55806
694,Basquiat_0115632_anno.txt,0.511897
695,127 Hours_1542344_anno.txt,0.733732
696,Insidious Chapter 2_2226417_anno.txt,0.404562
697,Are We Done Yet_0422774_anno.txt,0.454303
698,MASH_0066026_anno.txt,0.590041
699,The Only Living Boy in New York_0460890_anno.txt,0.681775
700,Bottle Rocket_0115734_anno.txt,0.876234
701,Anastasia_0118617_anno.txt,0.521279
702,Cherry Falls_0175526_anno.txt,0.416577
703,Rails Ties_0822849_anno.txt,0.61117
704,The Gift_0219699_anno.txt,0.483209
705,Autumn in New York_0174480_anno.txt,0.687488
706,Living in Oblivion_0113677_anno.txt,0.634344
707,Love Basketball_0199725_anno.txt,0.573509
708,Pitch Perfect_1981677_anno.txt,0.426573
709,Jeffrey Archer The Truth_0343861_anno.txt,0.526119
710,Limitless_1219289_anno.txt,0.649777
711,The General s Daughter_0144214_anno.txt,0.616847
712,Dragon Slayer_3710404_anno.txt,0.484697
713,Cool Hand Luke_0061512_anno.txt,0.524025
714,Awake_0211933_anno.txt,0.767799
715,Elysium_1535108_anno.txt,0.463326
716,Collateral_0369339_anno.txt,0.626837
717,Robin Hood Prince of Thieves_0102798_anno.txt,0.498217
718,Hard to Kill_0099739_anno.txt,0.569599
719,Escape from L A_0116225_anno.txt,0.460329
720,City Island_1174730_anno.txt,0.711145
721,The Texas Chain Saw Massacre_0072271_anno.txt,0.286537
722,Nocturnal Animals_4550098_anno.txt,0.567178
723,Forrest Gump_0109830_anno.txt,0.632793
724,We Own the Night_0498399_anno.txt,0.473119
725,The Post_6294822_anno.txt,0.612247
726,Men in Black_0119654_anno.txt,0.607537
727,L A Confidential_0119488_anno.txt,0.462619
728,Good Luck Chuck_0452625_anno.txt,0.733522
729,Deep Impact_0120647_anno.txt,0.433136
730,Disturbing Behavior_0134619_anno.txt,0.384864
731,The Thin Red Line_0058648_anno.txt,0.279195
732,The Ballad of Buster Scruggs_6412452_anno.txt,0.414233
733,Midnight in Paris_1605783_anno.txt,0.588817
734,Total Recall_0100802_anno.txt,0.425569
735,Girl with a Pearl Earring_0335119_anno.txt,0.522933
736,Notes on a Scandal_0465551_anno.txt,0.75056
737,Hidden Figures_4846340_anno.txt,0.445405
738,Vanilla Sky_0259711_anno.txt,0.58465
739,Chapter Seven Loud Fast and Keep Going_6866356_anno.txt,0.448664
740,Stranger Things_4574334_anno.txt,0.398907
741,The Jackie Robinson Story_0042609_anno.txt,0.419408
742,Tomb Raider_1365519_anno.txt,0.702611
743,High Noon_0044706_anno.txt,0.204071
744,Ferris Bueller s Day Off_0091042_anno.txt,0.618852
745,Cradle 2 the Grave_0306685_anno.txt,0.496042
746,The Punisher_0330793_anno.txt,0.362531
747,Hackers_0113243_anno.txt,0.428593
748,His Girl Friday_0032599_anno.txt,0.616386
749,While We re Young_1791682_anno.txt,0.679332
750,Salvador_0091886_anno.txt,0.403749
751,Tower Heist_0471042_anno.txt,0.505141
752,Sexy Beast_0203119_anno.txt,0.598958
753,Final Destination 2_0309593_anno.txt,0.516229
754,Ruby Sparks_1839492_anno.txt,0.716282
755,Wild Wild West_0120891_anno.txt,0.696386
756,Jojo Rabbit_2584384_anno.txt,0.532735
757,Crank_0479884_anno.txt,0.510586
758,At First Sight_0132512_anno.txt,0.778571
759,Stalag 17_0046359_anno.txt,0.395259
760,The Twilight Saga New Moon_1259571_anno.txt,0.643694
761,Network_0074958_anno.txt,0.52575
762,Monsters University_1453405_anno.txt,0.492299
763,Near Dark_0093605_anno.txt,0.548696
764,Inside Man_0454848_anno.txt,0.594709
765,The Client_0109446_anno.txt,0.463915
766,Somewhere in Time_0081534_anno.txt,0.572869
767,Absolute Power_0118548_anno.txt,0.480554
768,American Splendor_0305206_anno.txt,0.668919
769,A Nightmare on Elm Street_0087800_anno.txt,0.572471
770,Cars 2_1216475_anno.txt,0.452184
771,National Lampoon s Vacation_0085995_anno.txt,0.916504
772,Pride Prejudice_0414387_anno.txt,0.478267
773,Wives and Lovers_0057688_anno.txt,0.375932
774,Reservation Road_0831884_anno.txt,0.548326
775,The Whistleblower_0896872_anno.txt,0.441839
776,15 Minutes_0179626_anno.txt,0.469221
777,Forgetting Sarah Marshall_0800039_anno.txt,0.705309
778,The Omega Man_0067525_anno.txt,0.546865
779,Kundun_0119485_anno.txt,0.508877
780,Fighting with My Family_6513120_anno.txt,0.512463
781,Young Soul Rebels_0103312_anno.txt,0.573026
782,Harry Potter and the Chamber of Secrets_0295297_anno.txt,0.45979
783,Annabelle_3322940_anno.txt,0.629291
784,Armageddon_0120591_anno.txt,0.453052
785,Reindeer Games_0184858_anno.txt,0.693314
786,Secondhand Lions_0327137_anno.txt,0.652308
787,Crazy Stupid Love_1570728_anno.txt,0.5308
788,The Cutting Edge_0104040_anno.txt,0.593926
789,American Shaolin_0101327_anno.txt,0.650768
790,The Last Boy Scout_0102266_anno.txt,0.638593
791,Little Children_0404203_anno.txt,0.404135
792,Pet Sematary_0837563_anno.txt,0.754179
793,Beautiful Girls_0115639_anno.txt,0.484276
794,Ace Ventura Pet Detective_0109040_anno.txt,0.636698
795,Jaws 2_0077766_anno.txt,0.408712
796,Sucker_0178047_anno.txt,0.761562
797,Waves_8652728_anno.txt,0.504932
798,The Last Castle_0272020_anno.txt,0.691693
799,John Carter_0401729_anno.txt,0.63553
800,Braveheart_0112573_anno.txt,0.36893
801,Maudie_3721954_anno.txt,0.77956
802,GoldenEye_0113189_anno.txt,0.524522
803,A Prayer Before Dawn_4080956_anno.txt,0.55499
804,The Program_0107889_anno.txt,0.485902
805,Contagion_1598778_anno.txt,0.309184
806,The Rise and Rise of Michael Rimmer_0066302_anno.txt,0.40394
807,Back to the Future_0088763_anno.txt,0.772685
808,Assassins_0112401_anno.txt,0.797216
809,Skyscraper_5758778_anno.txt,0.547999
810,Gangs of New York_0217505_anno.txt,0.505482
811,Downton Abbey_1606375_anno.txt,0.227436
812,Ghost World_0162346_anno.txt,0.690154
813,Gone in 60 Seconds_0187078_anno.txt,0.463591
814,A Nightmare on Elm Street 3 Freddy s rache_12734734_anno.txt,0.460252
815,The Brothers Bloom_0844286_anno.txt,0.791626
816,Gothika_0348836_anno.txt,0.627677
817,Night at the Museum Battle of the Smithsonian_1078912_anno.txt,0.511225
818,The Conspirator_0968264_anno.txt,0.556687
819,The Man from U N C L E_1638355_anno.txt,0.52819
820,Rush Hour 2_0266915_anno.txt,0.775082
821,The Big White_0402850_anno.txt,0.532364
822,All Is True_9206798_anno.txt,0.583703
823,V for Vendetta_0434409_anno.txt,0.488909
824,Final Destination_0195714_anno.txt,0.533078
825,Popeye_0081353_anno.txt,0.505217
826,Indiana Jones and the Kingdom of the Crystal Skull_0367882_anno.txt,0.659579
827,Balls Out Gary the Tennis Coach_0787470_anno.txt,0.658522
828,The Leisure Seeker_3741632_anno.txt,0.806665
829,The Leopard Man_0036104_anno.txt,0.499937
830,The Unborn_1139668_anno.txt,0.642409
831,Life on Liberty Street_0399281_anno.txt,0.580375
832,Starman_0088172_anno.txt,0.651209
833,The Others_0230600_anno.txt,0.74824
834,The Rage Carrie 2_0144814_anno.txt,0.394511
835,Superman The Man of Steel_1453257_anno.txt,0.337471
836,Ocean s Eleven_0240772_anno.txt,0.529172
837,John Wick_2911666_anno.txt,0.426182
838,Never Look Away_5311542_anno.txt,0.367663
839,You Only Live Twice_0062512_anno.txt,0.742167
840,The Great Muppet Caper_0082474_anno.txt,0.409475
841,Semi Pro_0839980_anno.txt,0.569551
842,Cast Away_0162222_anno.txt,0.646815
843,Star Trek Insurrection_0120844_anno.txt,0.447849
844,T2 3 D Battle Across Time_0117880_anno.txt,0.570105
845,Innerspace_0093260_anno.txt,0.538486
846,Army of Darkness_0106308_anno.txt,0.545572
847,The Descendants_1033575_anno.txt,0.629619
848,Rendition_0804522_anno.txt,0.284116
849,The Lady in the Van_3722070_anno.txt,0.691504
850,Pleasantville_0120789_anno.txt,0.515292
851,Happy Death Day_5308322_anno.txt,0.651185
852,The Russell Girl_1097649_anno.txt,0.57904
853,Trouble in Paradise_0023622_anno.txt,0.685908
854,The Boy Next Door_3181822_anno.txt,0.732362
855,Extremely Wicked Shockingly Evil and Vile_2481498_anno.txt,0.673509
856,Barely Legal_0302297_anno.txt,0.528109
857,Toni Erdmann_4048272_anno.txt,0.596372
858,Devil in a Blue Dress_0112857_anno.txt,0.593357
859,Last Action Hero_0107362_anno.txt,0.601902
860,The Lost Boys_0093437_anno.txt,0.494361
861,Drive Angry_1502404_anno.txt,0.598073
862,Spartacus_0054331_anno.txt,0.323706
863,The Bridges of Madison County_0112579_anno.txt,0.682635
864,The Frighteners_0116365_anno.txt,0.372185
865,Animal Kingdom_1313092_anno.txt,0.367872
866,Water for Elephants_1067583_anno.txt,0.64711
867,American Beauty_0169547_anno.txt,0.622183
868,Code of Silence_0088936_anno.txt,0.399571
869,Ghost Rider_0259324_anno.txt,0.407171
870,Batman Robin_0118688_anno.txt,0.392876
871,The Invention of Lying_1058017_anno.txt,0.594993
872,Bedlam_0038343_anno.txt,0.62305
873,Copycat_0112722_anno.txt,0.599504
874,Street Kings_0421073_anno.txt,0.582971
875,Martha Marcy May Marlene_1441326_anno.txt,0.624976
876,Crouching Tiger Hidden Dragon Sword of Destiny_2652118_anno.txt,0.60398
877,Downsizing_1389072_anno.txt,0.441688
878,Argo_1024648_anno.txt,0.349808
879,Horrible Bosses 2_2170439_anno.txt,0.698083
880,Fast Times at Ridgemont High_0083929_anno.txt,0.407094
881,Butch Cassidy and the Sundance Kid_0064115_anno.txt,0.505962
882,Midway_6924650_anno.txt,0.390181
883,Charade_0056923_anno.txt,0.543636
884,Silverado_0090022_anno.txt,0.43409
885,What About Bob_0103241_anno.txt,0.680743
886,Planet of the Apes_0133152_anno.txt,0.332205
887,Little Shop of Horrors_0091419_anno.txt,0.585513
888,An Adventure in Space and Time_2663812_anno.txt,0.594517
889,A Nightmare on Elm Street 5 The Dream Child_0097981_anno.txt,0.539309
890,Death Note_1241317_anno.txt,0.60698
891,17 Again_0974661_anno.txt,0.606009
892,Mission Impossible_0117060_anno.txt,0.542711
893,Dangal_5074352_anno.txt,0.576551
894,Just Mercy_4916630_anno.txt,0.542967
895,The Naked Gun 2 The Smell of Fear_0102510_anno.txt,0.454996
896,Airplane_0080339_anno.txt,0.418654
897,Mandingo_0073349_anno.txt,0.372373
898,Thirteen Days_0146309_anno.txt,0.543331
899,Maria Full of Grace_0390221_anno.txt,0.507435
900,Fatal Attraction_0093010_anno.txt,0.558916
901,Spider Man_0145487_anno.txt,0.377737
902,Lord of War_0399295_anno.txt,0.722952
903,In the Bedroom_0247425_anno.txt,0.435206
904,10 Things I Hate About You_0147800_anno.txt,0.517861
905,When a Stranger Calls_0080130_anno.txt,0.401524
906,Eight Legged Freaks_0271367_anno.txt,0.488163
907,The Driver_0077474_anno.txt,0.568262
908,Mudbound_2396589_anno.txt,0.529287
909,The Gambler_2039393_anno.txt,0.66267
910,Philomena_2431286_anno.txt,0.723085
911,Klute_0067309_anno.txt,0.670374
912,Unforgiven_0105695_anno.txt,0.564838
913,Preacher_5016504_anno.txt,0.537231
914,What Price Hollywood_0023686_anno.txt,0.504966
915,Hail Caesar_0475290_anno.txt,0.526781
916,The Box_0362478_anno.txt,0.505711
917,Jackie Brown_0119396_anno.txt,0.699462
918,Birdman or The Unexpected Virtue of Ignorance_2562232_anno.txt,0.546341
919,House of 1000 Corpses_0251736_anno.txt,0.324995
920,Winter s Bone_1399683_anno.txt,0.611292
921,War for the Planet of the Apes_3450958_anno.txt,0.568612
922,Anomalisa_2401878_anno.txt,0.71156
923,Romancing the Stone_0088011_anno.txt,0.576907
924,Maverick_0110478_anno.txt,0.614164
925,The Abduction_0115452_anno.txt,0.496516
926,Valentine s Day_0817230_anno.txt,0.358395
927,Deadpool_1431045_anno.txt,0.656091
928,I Spit on Your Grave_1242432_anno.txt,0.584218
929,12 Monkeys_0114746_anno.txt,0.527563
930,Jarhead_0418763_anno.txt,0.612311
931,Gladiator_0172495_anno.txt,0.515973
932,Eye in the Sky_2057392_anno.txt,0.389973
933,Slither_0439815_anno.txt,0.58946
934,Letters to Juliet_0892318_anno.txt,0.736693
935,American Horror Story_1844624_anno.txt,0.540078
936,The Hurt Locker_0887912_anno.txt,0.719217
937,Syriana_0365737_anno.txt,0.241589
938,From Dusk Till Dawn_0116367_anno.txt,0.693906
939,The Shipping News_0120824_anno.txt,0.567234
940,A Dry White Season_0097243_anno.txt,0.441934
941,Godzilla_0120685_anno.txt,0.472516
942,The Lost Son_0144286_anno.txt,0.544007
943,Secretariat_1028576_anno.txt,0.519135
944,Hereditary_7784604_anno.txt,0.712965
945,The Meg_4779682_anno.txt,0.482559
946,Day of the Dead_0088993_anno.txt,0.460491
947,The Peanut Butter Falcon_4364194_anno.txt,0.0
948,Only Angels Have Wings_0031762_anno.txt,0.470033
949,Little Monsters_0097758_anno.txt,0.580887
950,The Company of Wolves_0087075_anno.txt,0.603189
951,Bad Lieutenant_0103759_anno.txt,0.693515
952,Unbreakable_0217869_anno.txt,0.546794
953,NightMan_0128886_anno.txt,0.659123
954,Pretty Woman_0100405_anno.txt,0.724271
955,Postcards from the Edge_0100395_anno.txt,0.607731
956,Doctor Sleep_5606664_anno.txt,0.582623
957,Blood Diamonds_0743446_anno.txt,0.694718
958,Woman in Gold_2404425_anno.txt,0.586081
959,If I Had a Hammer_0210742_anno.txt,0.674875
960,The Secret Life of Walter Mitty_0359950_anno.txt,0.615166
961,Captain Phillips_1535109_anno.txt,0.648773
962,Amour_1602620_anno.txt,0.795252
963,Kubo and the Two Strings_4302938_anno.txt,0.703957
964,Cliffhanger_0106582_anno.txt,0.554129
965,I Think I Love My Wife_0770772_anno.txt,0.805327
966,Infamous_0420609_anno.txt,0.67535
967,On Golden Pond_0082846_anno.txt,0.65724
968,Jimmy and Judy_0425151_anno.txt,0.731173
969,The Hangover_1119646_anno.txt,0.739343
970,Malibu s Most Wanted_0328099_anno.txt,0.480974
971,Priest_0822847_anno.txt,0.484932
972,Norma Rae_0079638_anno.txt,0.684019
973,Machine Gun Preacher_1586752_anno.txt,0.546252
974,American Animals_6212478_anno.txt,0.851949
975,The Theory of Everything_2980516_anno.txt,0.459247
976,Mary Poppins Returns_5028340_anno.txt,0.428932
977,Halloween III Season of the Witch_0085636_anno.txt,0.471629
978,Naked Gun 33 1 3 The Final Insult_0110622_anno.txt,0.368891
979,Warning Shot_5113250_anno.txt,0.726835
980,A Night at the Roxbury_0120770_anno.txt,0.72528
981,The Howling_0082533_anno.txt,0.381813
982,Tin Men_0094155_anno.txt,0.608586
983,Talladega Nights The Ballad of Ricky Bobby_0415306_anno.txt,0.441635
984,The Young Victoria_0962736_anno.txt,0.542406
985,Wild Things Diamonds in the Rough_0448179_anno.txt,0.487684
986,Roma_6155172_anno.txt,0.480146
987,The Old Man the Gun_2837574_anno.txt,0.515509
988,Hyde Park on Hudson_1477855_anno.txt,0.578699
989,Chasing Sleep_0221069_anno.txt,0.68225
990,Friday the 13th_0758746_anno.txt,0.412452
991,Alien Nation_0094631_anno.txt,0.653224
992,Terms of Endearment_0086425_anno.txt,0.583229
993,The Craft_0115963_anno.txt,0.475998
994,Breakfast at Tiffany s_0054698_anno.txt,0.431038
995,The African Queen_0043265_anno.txt,0.883259
996,John Q_0251160_anno.txt,0.416003
997,Memoirs of a Geisha_0397535_anno.txt,0.377302
998,Before Sunrise_0112471_anno.txt,0.960011
999,Pet Sematary_0098084_anno.txt,0.722417
1000,Her_1798709_anno.txt,0.817348
1001,Transcendence_2209764_anno.txt,0.691958
1002,A Christmas Carol_0044008_anno.txt,0.547234
1003,Major League_0097815_anno.txt,0.498857
1004,The Messenger The Story of Joan of Arc_0151137_anno.txt,0.463668
1005,Tenet_6723592_anno.txt,0.572745
1006,Cobb_0109450_anno.txt,0.79884
1007,Scarface_0086250_anno.txt,0.576033
1008,Notting Hill_0125439_anno.txt,0.696477
1009,Three Billboards Outside Ebbing Missouri_5027774_anno.txt,0.599285
1010,The Italian Job_0290675_anno.txt,0.519741
1011,X2 X Men United_0290334_anno.txt,0.345282
1012,Pirates of the Caribbean The Curse of the Black Pearl_0325980_anno.txt,0.582333
1013,Johnny Mnemonic_0113481_anno.txt,0.169879
1014,Kingdom of Heaven_0320661_anno.txt,0.444624
1015,Toy Story_0114709_anno.txt,0.597835
1016,The Power of One_0105159_anno.txt,0.510704
1017,The Social Network_1285016_anno.txt,0.443467
1018,Halloween II_0082495_anno.txt,1.0
1019,The Hundred Year Old Mystery_1229165_anno.txt,0.378225
1020,Playback_1729217_anno.txt,0.526113
1021,A Christmas Story_0085334_anno.txt,0.699788
1022,Rambling Rose_0102753_anno.txt,0.73774
1023,Timeline_0300556_anno.txt,0.393883
1024,Under the Mountain_1275861_anno.txt,0.603487
1025,Fantastic Four_0120667_anno.txt,0.565825
1026,The Kings of Summer_2179116_anno.txt,0.665977
1027,Beneath the Planet of the Apes_0065462_anno.txt,0.400858
1028,How to Train Your Dragon_0892769_anno.txt,0.614464
1029,Brightburn_7752126_anno.txt,0.679874
1030,13 13 13_2991516_anno.txt,0.765502
1031,Empire of the Sun_0092965_anno.txt,0.616855
1032,The Dark Knight Rises_1345836_anno.txt,0.31844
1033,After Earth_1815862_anno.txt,0.630576
1034,Paper Moon_0070510_anno.txt,0.257624
1035,Hustle Flow_0410097_anno.txt,0.569384
1036,Hanna_0993842_anno.txt,0.503014
1037,Sounder_0069303_anno.txt,0.670331
1038,Five Feet High and Rising_0240507_anno.txt,0.568333
1039,So I Married an Axe Murderer_0108174_anno.txt,0.678869
1040,Battlefield Earth_0185183_anno.txt,0.617012
1041,Hellraiser III Hell on Earth_0104409_anno.txt,0.529293
1042,The Surfer King_0418206_anno.txt,0.559842
1043,Film Stars Don t Die in Liverpool_5711148_anno.txt,0.723416
1044,Casino Royale_0381061_anno.txt,0.429739
1045,Win Win_1606392_anno.txt,0.646688
1046,Hitman_0465494_anno.txt,0.445896
1047,Wanted_0493464_anno.txt,0.654964
1048,Philadelphia_0107818_anno.txt,0.592983
1049,The Hole_1085779_anno.txt,0.736647
1050,Lone Star_0116905_anno.txt,0.337348
1051,The Day the Clown Cried_0068451_anno.txt,0.542752
1052,Precious_0929632_anno.txt,0.754752
1053,Mallrats_0113749_anno.txt,0.537756
1054,The Ides of March_1124035_anno.txt,0.575183
1055,Grabbers_1525366_anno.txt,0.605979
1056,The Good Dinosaur_1979388_anno.txt,0.54955
1057,The Parent Trap_0120783_anno.txt,0.519376
1058,Crime Spree_0310924_anno.txt,0.446134
1059,Scent of a Woman_0105323_anno.txt,0.791537
1060,Wonderstruck_5208216_anno.txt,0.623087
1061,Being John Malkovich_0120601_anno.txt,0.531835
1062,Beowulf Grendel_0402057_anno.txt,0.560057
1063,25th Hour_0307901_anno.txt,0.385915
1064,Human Nature_0219822_anno.txt,0.75316
1065,Death to Smoochy_0266452_anno.txt,0.560064
1066,Ghost Ship_0288477_anno.txt,0.771767
1067,Payback_0120784_anno.txt,0.455635
1068,Safe House_1599348_anno.txt,0.609674
1069,Bridge of Spies_3682448_anno.txt,0.501622
1070,Cellular_0337921_anno.txt,0.573649
1071,The Other Guys_1386588_anno.txt,0.631921
1072,The Rider_6217608_anno.txt,0.632653
1073,Legally Blonde_0250494_anno.txt,0.503831
1074,Austin Powers International Man of Mystery_0118655_anno.txt,0.596233
1075,Under Fire_0086510_anno.txt,0.594055
1076,American Bully_1169133_anno.txt,0.581225
1077,Breaking Bad_0903747_anno.txt,0.645611
1078,Ad Astra_2935510_anno.txt,0.542054
1079,The Devil Wears Prada_0458352_anno.txt,0.657872
1080,Pie lette_1017495_anno.txt,0.720386
1081,Lost Highway_0116922_anno.txt,0.356867
1082,The Siege_0133952_anno.txt,0.657275
1083,Miss Sloane_4540710_anno.txt,0.574436
1084,Rage of the Werewolf_0191391_anno.txt,0.753541
1085,Bright Star_0810784_anno.txt,0.779931
1086,Spotlight_1895587_anno.txt,0.447578
1087,The American_1440728_anno.txt,0.636861
1088,The Kids Are All Right_0842926_anno.txt,0.706542
1089,The Artist_1655442_anno.txt,0.909404
1090,Wild Things_0120890_anno.txt,0.511031
1091,Hardball_0657508_anno.txt,0.604405
1092,Fight Club_0137523_anno.txt,0.81976
1093,The Foundation_0495031_anno.txt,0.47155
1094,The Terminal_0362227_anno.txt,0.440253
1095,Custody_6002232_anno.txt,0.509709
1096,To Sleep with Anger_0100791_anno.txt,0.541578
1097,The Comedian_1967614_anno.txt,0.630402
1098,The Last Station_0824758_anno.txt,0.614326
1099,New York Minute_0363282_anno.txt,0.637595
1100,The Martian_3659388_anno.txt,0.420708
1101,Go_0139239_anno.txt,0.364125
1102,The Bunker_0252963_anno.txt,0.464333
1103,U Turn_0120399_anno.txt,0.653173
1104,After the Wedding_7985692_anno.txt,0.646368
1105,Batman Forever_0112462_anno.txt,0.467249
1106,Lord of Illusions_0113690_anno.txt,0.521582
1107,Barton Fink_0101410_anno.txt,0.658726
1108,Frankenweenie_1142977_anno.txt,0.497332
1109,Thir13en Ghosts_0245674_anno.txt,0.607538
1110,The Searchers_0049730_anno.txt,0.515173
1111,Being There_0078841_anno.txt,0.46426
1112,Rushmore_0128445_anno.txt,0.833904
1113,The Atomic Submarine_0052587_anno.txt,0.456758
1114,Machete_0985694_anno.txt,0.379077
1115,Quantum Project_0239860_anno.txt,0.684581
1116,Fear and Loathing in Las Vegas_0120669_anno.txt,0.800868
1117,Escape from New York_0082340_anno.txt,0.521546
1118,Cabaret_0068327_anno.txt,0.546987
1119,The Mothman Prophecies_0265349_anno.txt,0.585588
1120,Before and After_0115645_anno.txt,0.571177
1121,For Colored Girls_1405500_anno.txt,0.366946
1122,The Lost City of Z_1212428_anno.txt,0.636055
1123,The Tree of Life_0478304_anno.txt,0.699448
1124,Son of Saul_3808342_anno.txt,0.4933
1125,Hero_0104412_anno.txt,0.51143
1126,First Blood_0083944_anno.txt,0.390845
1127,The Man Who Invented Christmas_6225520_anno.txt,0.632671
1128,The Accountant_2140479_anno.txt,0.451895
1129,The Queen_0436697_anno.txt,0.538816
1130,Anatomy of a Murder_0052561_anno.txt,0.497376
1131,Rise of the Planet of the Apes_1318514_anno.txt,0.539992
1132,Scary Stories to Tell in the Dark_3387520_anno.txt,0.629186
1133,Cinema Paradiso_0095765_anno.txt,0.590954
1134,Guardians of the Galaxy Vol 2_3896198_anno.txt,0.486302
1135,The Cable Guy_0115798_anno.txt,0.773716
1136,After School Special_0371514_anno.txt,0.562053
1137,Memphis Belle_0100133_anno.txt,0.384143
1138,Sunshine_0448134_anno.txt,0.444086
1139,Conspiracy Theory_0118883_anno.txt,0.788608
1140,The Goodbye Girl_0076095_anno.txt,0.796408
1141,Event Horizon_0119081_anno.txt,0.635421
1142,Source Code_0945513_anno.txt,0.725043
1143,After Life_0838247_anno.txt,0.753739
1144,Breathe_5716464_anno.txt,0.528273
1145,The Greatest Showman_1485796_anno.txt,0.602486
1146,Dazed and Confused_0106677_anno.txt,0.222097
1147,Mr Mark Fenton_1282592_anno.txt,0.574611
1148,The Lord of the Rings_0077869_anno.txt,0.390304
1149,Darkest Hour_4555426_anno.txt,0.631522
1150,State and Main_0120202_anno.txt,0.470485
1151,Now You See Me_1670345_anno.txt,0.513507
1152,The Zero Theorem_2333804_anno.txt,0.765638
1153,The Other Boleyn Girl_0467200_anno.txt,0.518651
1154,Colombiana_1657507_anno.txt,0.375354
1155,The Fighter_0964517_anno.txt,0.579998
1156,Lone Survivor_1091191_anno.txt,0.540947
1157,The Best Exotic Marigold Hotel Behind the Story Lights Colours and Smiles_5173200_anno.txt,0.377532
1158,The Wrestler_1125849_anno.txt,0.631509
1159,Michael Clayton_0465538_anno.txt,0.501294
1160,The Burrowers_0445939_anno.txt,0.610492
1161,Sam I Am_0539417_anno.txt,0.666972
1162,Scary Movie_0175142_anno.txt,0.396715
1163,Burlesque_1126591_anno.txt,0.647955
1164,The Haunting_0171363_anno.txt,0.768782
1165,Arthur_1334512_anno.txt,0.697158
1166,Passengers_1355644_anno.txt,0.753316
1167,The Company Men_1172991_anno.txt,0.430739
1168,Goodfellas_0099685_anno.txt,0.681028
1169,Pixels_2120120_anno.txt,0.534394
1170,Out of Sight_0120780_anno.txt,0.568669
1171,Cloak Dagger_0087065_anno.txt,0.462983
1172,Summer of 84_5774450_anno.txt,0.559661
1173,Giant_0049261_anno.txt,0.360992
1174,The Doors_0101761_anno.txt,0.562311
1175,Smokey and the Bandit_0076729_anno.txt,0.694169
1176,Amelia_1129445_anno.txt,0.696819
1177,Dead Poets Society_0097165_anno.txt,0.531296
1178,Bonnie and Clyde_0061418_anno.txt,0.758637
1179,The Lighthouse_7984734_anno.txt,0.977743
1180,Fair Game_0977855_anno.txt,0.500437
1181,Stick It_0430634_anno.txt,0.67
1182,The Florida Project_5649144_anno.txt,0.557208
1183,Bright_5519340_anno.txt,0.57569
1184,Terminator 3 Rise of the Machines_0181852_anno.txt,0.535422
1185,Call Northside 777_0040202_anno.txt,0.371186
1186,Phantom Thread_5776858_anno.txt,0.776427
1187,All About Steve_0881891_anno.txt,0.719448
1188,Wall Street Money Never Sleeps_1027718_anno.txt,0.608428
1189,Suspect Zero_0324127_anno.txt,0.694149
1190,White Squall_0118158_anno.txt,0.441561
1191,The Mummy Tomb of the Dragon Emperor_0859163_anno.txt,0.434953
1192,Shallow Grave_0111149_anno.txt,0.727142
1193,The Midnight Meat Train_0805570_anno.txt,0.648139
1194,Star Wars Episode IV A New Hope_0076759_anno.txt,0.517386
1195,It s Kind of a Funny Story_0804497_anno.txt,0.674953
1196,Cold Mountain_0159365_anno.txt,0.502291
1197,Halloween_1502407_anno.txt,0.31502
1198,Star Trek Nemesis_0253754_anno.txt,0.674607
1199,Victoria Abdul_5816682_anno.txt,0.659814
1200,Honey Boy_8151874_anno.txt,0.821933
1201,Last Time Forever_0479942_anno.txt,0.698081
1202,Die Hard_0095016_anno.txt,0.436943
1203,Body of Proof_1587669_anno.txt,0.65067
1204,The Descent Part 2_1073105_anno.txt,0.615365
1205,Blade Runner_0083658_anno.txt,0.525964
1206,On the Waterfront_0047296_anno.txt,0.546905
1207,Wall Street_0094291_anno.txt,0.661807
1208,The Life of David Gale_0289992_anno.txt,0.528111
1209,Raiders of the Lost Ark_0082971_anno.txt,0.669362
1210,Kiss of the Spider Woman_0089424_anno.txt,0.769874
1211,Shoot the Moon_0084675_anno.txt,0.615707
1212,Learning to Drive_3062976_anno.txt,0.748544
1213,All God s Children Can Dance_0847214_anno.txt,0.794872
1214,Sweet November_0230838_anno.txt,0.79385
1215,Rushlights_1536437_anno.txt,0.675061
1216,Fahrenheit 451_0360556_anno.txt,0.639214
1217,The Wolf of Wall Street_0993846_anno.txt,0.717108
1218,A Fantastic Woman_5639354_anno.txt,0.565033
1219,Antitrust_0218817_anno.txt,0.556771
1220,Mrs Brown_0119280_anno.txt,0.636413
1221,The Prestige_0482571_anno.txt,0.538835
1222,The Haunting in Connecticut_0492044_anno.txt,0.594538
1223,Unbroken_1809398_anno.txt,0.454808
1224,Alfie_0375173_anno.txt,0.642636
1225,Some Kind of Wonderful_0094006_anno.txt,0.554488
1226,There Will Be Blood_0469494_anno.txt,0.691684
1227,The Purge_2184339_anno.txt,0.620607
1228,The Addams Family_0101272_anno.txt,0.557464
1229,The Shining_0081505_anno.txt,0.583904
1230,Batman v Superman Dawn of Justice_2975590_anno.txt,0.274359
1231,Jackie_1619029_anno.txt,0.658191
1232,To Kill a Mockingbird_0056592_anno.txt,0.244915
1233,Punch Drunk Love_0272338_anno.txt,0.647755
1234,Planet of the Apes_0063442_anno.txt,0.586701
1235,Schindler s List_0108052_anno.txt,0.671234
1236,Friday the 13th Part III_0083972_anno.txt,0.432711
1237,Yes Man_1068680_anno.txt,0.543459
1238,Dogma_0120655_anno.txt,0.413634
1239,Spacejacked_0120174_anno.txt,0.49881
1240,Sanctum_0881320_anno.txt,0.720012
1241,Star Wars Episode V The Empire Strikes Back_0080684_anno.txt,0.496021
1242,American Hustle_1800241_anno.txt,0.602724
1243,The Meddler_4501454_anno.txt,0.718615
1244,Friday the 13th Part VIII Jason Takes Manhattan_0097388_anno.txt,0.420466
1245,Heathers_0097493_anno.txt,0.640048
1246,The King of Comedy_0085794_anno.txt,0.647263
1247,Cruel Intentions_0139134_anno.txt,0.786697
1248,Executive Decision_0116253_anno.txt,0.346421
1249,The Truman Show_0120382_anno.txt,0.529551
1250,My Cousin Vinny_0104952_anno.txt,0.604027
1251,How to Train Your Dragon 2_1646971_anno.txt,0.536102
1252,Born on the Fourth of July_0096969_anno.txt,0.489572
1253,Fried Green Tomatoes_0101921_anno.txt,0.499962
1254,The Smurfs_0472181_anno.txt,0.430266
1255,Limbo_0164085_anno.txt,0.585007
1256,Crusades_0111931_anno.txt,0.439838
1257,Reality Bites_0110950_anno.txt,0.660632
1258,I Am Number Four_1464540_anno.txt,0.628704
1259,Eli_5294518_anno.txt,0.71229
1260,Jurassic World_0369610_anno.txt,0.601898
1261,Idiocracy_0387808_anno.txt,0.461043
1262,Infinitely Polar Bear_1969062_anno.txt,0.811673
1263,Gangs of Wasseypur_1954470_anno.txt,0.271353
1264,Highlander The Final Dimension_0110027_anno.txt,0.47683
1265,Smashed_2063781_anno.txt,0.727297
1266,Hesher_1403177_anno.txt,0.566424
1267,The Boondock Saints_0144117_anno.txt,0.546524
1268,Deliverance_0068473_anno.txt,0.542538
1269,Bad Dreams_0094701_anno.txt,0.445059
1270,I Robot_0343818_anno.txt,0.653927
1271,Pirates of the Caribbean Dead Men Tell No Tales_1790809_anno.txt,0.588286
1272,TMNT_0453556_anno.txt,0.296427
1273,Something s Gotta Give_0337741_anno.txt,0.75027
1274,The Player_0105151_anno.txt,0.445818
1275,Kingsman The Secret Service_2802144_anno.txt,0.561113
1276,The Adventures of Tintin_0983193_anno.txt,0.707419
1277,28 Weeks Later_0463854_anno.txt,0.43416
1278,Grand Hotel_7671068_anno.txt,0.460662
1279,The Rules of Attraction_0292644_anno.txt,0.417769
1280,Quiz Show Winner_4335006_anno.txt,0.473469
1281,Hard Candy_0424136_anno.txt,0.472522
1282,The Third Man_0041959_anno.txt,0.544755
1283,Fury_2713180_anno.txt,0.722026
1284,G I Jane_0119173_anno.txt,0.613025
1285,All the King s Men_0041113_anno.txt,0.635522
1286,9 to 5_0080319_anno.txt,0.664668
1287,War of the Worlds_0407304_anno.txt,0.677312
1288,X Men Origins Wolverine_0458525_anno.txt,0.529809
1289,Milk_1013753_anno.txt,0.680209
1290,Lion_3741834_anno.txt,0.552277
1291,The Assignment_0118647_anno.txt,0.666366
1292,The Damned United_1226271_anno.txt,0.682201
1293,Sorry Right Number_0469188_anno.txt,0.738584
1294,National Lampoon s Christmas Vacation_0097958_anno.txt,0.562746
1295,Mini s First Time_0425253_anno.txt,0.766745
1296,Pan s Labyrinth_0457430_anno.txt,0.495668
1297,Boogie Nights_0118749_anno.txt,0.460434
1298,Ruben Brandt Collector_6241872_anno.txt,0.378341
1299,Diner_0083833_anno.txt,0.28231
1300,Lost in Translation_0335266_anno.txt,0.621595
1301,Isle of the Dead_0037820_anno.txt,0.547862
1302,R D Laing IMDb_4153228_anno.txt,0.568868
1303,Labor Day_1967545_anno.txt,0.553171
1304,Zulu Dawn_0080180_anno.txt,0.315059
1305,Authors Anonymous_2114461_anno.txt,0.516179
1306,The Stranger_0038991_anno.txt,0.237499
1307,10 Cloverfield Lane_1179933_anno.txt,0.963821
1308,Creed II_6343314_anno.txt,0.47048
1309,Magnolia_0175880_anno.txt,0.332396
1310,Napoleon and Samantha_0068990_anno.txt,0.665124
1311,Fantastic Four_1502712_anno.txt,0.565825
1312,Last Flag Flying_6018306_anno.txt,0.836289
1313,A Nightmare on Elm Street 4 The Dream Master_0095742_anno.txt,0.516913
1314,Harry Potter and the Order of the Phoenix_0373889_anno.txt,0.415493
1315,The Desperate Hours_0047985_anno.txt,0.533957
1316,Boy Erased_7008872_anno.txt,0.478607
1317,Bull Durham_0094812_anno.txt,0.66957
1318,In Good Company_0385267_anno.txt,0.695629
1319,The Love Witch_3908142_anno.txt,0.738601
1320,Upgrade_6499752_anno.txt,0.702329
1321,Enemy of the State_0120660_anno.txt,0.52889
1322,Changeling_0824747_anno.txt,0.453548
1323,Sex and the City_1000774_anno.txt,0.656241
1324,Two for the Money_0417217_anno.txt,0.807939
1325,Midnight Express_0077928_anno.txt,0.449339
1326,The Holiday_0457939_anno.txt,0.578171
1327,Time Bandits_0081633_anno.txt,0.321298
1328,Surrogates_0986263_anno.txt,0.459475
1329,The Low Life_0110400_anno.txt,0.596963
1330,Killer Klowns from Outer Space_0095444_anno.txt,0.606585
1331,Man Overboard_1186829_anno.txt,0.59209
1332,Blue Velvet_0090756_anno.txt,0.614053
1333,The Transformers The Movie_0092106_anno.txt,0.285526
1334,The Suite Life on Deck_1181917_anno.txt,0.65324
1335,Macbeth_10095582_anno.txt,0.731265
1336,Complete Guide to Guys_0407680_anno.txt,0.363904
1337,The Insider_0140352_anno.txt,0.626861
1338,Bamboozled_0215545_anno.txt,0.521102
1339,Sasquatch Mountain_0486569_anno.txt,0.343042
1340,Up_1049413_anno.txt,0.666493
1341,The Last Dance_0246748_anno.txt,0.581359
1342,Sherlock Holmes_0988045_anno.txt,0.656964
1343,The Girl with the Dragon Tattoo_1568346_anno.txt,0.646424
1344,Frankie_8019694_anno.txt,0.459577
1345,Can You Ever Forgive Me_4595882_anno.txt,0.588101
1346,The Butterfly Effect_0289879_anno.txt,0.640618
1347,Jesse James Legend Outlaw Terrorist_0785015_anno.txt,0.626201
1348,The Egyptian_0046949_anno.txt,0.419706
1349,The Fisher King_0101889_anno.txt,0.721236
1350,The Incredibles_0317705_anno.txt,0.449177
1351,3 10 to Yuma_0381849_anno.txt,0.615023
1352,The Personal Diaries_3328956_anno.txt,0.694495
1353,The Hollars_3714720_anno.txt,0.577579
1354,Cat People_0034587_anno.txt,0.700222
1355,Liar Liar_0119528_anno.txt,0.537482
1356,Cape Fear_0055824_anno.txt,0.507436
1357,The Taking of Pelham One Two Three_0072251_anno.txt,0.334857
1358,Stepmom_0120686_anno.txt,0.832311
1359,Battle for the Planet of the Apes_0069768_anno.txt,0.411765
1360,The Last King_0364800_anno.txt,0.39253
1361,Lethal Weapon_0093409_anno.txt,0.549356
1362,The Other Side of the Wind_0069049_anno.txt,0.387737
1363,The Grand Budapest Hotel_2278388_anno.txt,0.659947
1364,28 Days Later_0289043_anno.txt,0.49691
1365,The New World_0402399_anno.txt,0.586999
1366,Miami Vice_0430357_anno.txt,0.575182
1367,This Boy s Life_0108330_anno.txt,0.776804
1368,The Fog_0432291_anno.txt,0.464251
1369,The Hustler_0054997_anno.txt,0.7792
1370,Equity_3958780_anno.txt,0.550995
1371,Harry Potter and the Prisoner of Azkaban_0304141_anno.txt,0.43505
1372,Nightbreed_0100260_anno.txt,0.548408
1373,Spaceballs_0094012_anno.txt,0.485007
1374,Big Fish_0319061_anno.txt,0.747605
1375,Get Out_5052448_anno.txt,0.474811
1376,The Mechanic_0472399_anno.txt,0.691253
1377,Little Women_3281548_anno.txt,0.558854
1378,It_1396484_anno.txt,0.404654
1379,Above the Law_0094602_anno.txt,0.529549
1380,The Breakfast Club_0088847_anno.txt,0.58592
1381,The Incredible Hulk_0800080_anno.txt,0.435408
1382,The Bucket List_0825232_anno.txt,0.882375
1383,About Alex_2667918_anno.txt,0.560538
1384,Ringer_0117480_anno.txt,0.502836
1385,Unthinkable_0914863_anno.txt,0.523227
1386,Miles Ahead_0790770_anno.txt,0.628482
1387,Excalibur_0082348_anno.txt,0.566466
1388,The Mask_0110475_anno.txt,0.391931
1389,Crazy Heart_1263670_anno.txt,0.6598
1390,Blast from the Past_0124298_anno.txt,0.644005
1391,Fantastic Mr Fox_0432283_anno.txt,0.543161
1392,Black Swan_0947798_anno.txt,0.664972
1393,A Simple Favor_7040874_anno.txt,0.778064
1394,Eastern Promises_0765443_anno.txt,0.553731
1395,The Big Lebowski_0118715_anno.txt,0.656978
1396,Peeping Tom_0054167_anno.txt,0.616877
1397,Fences_2671706_anno.txt,0.977136
1398,Indiana Jones and the Temple of Doom_0087469_anno.txt,0.821842
1399,The Matrix_0133093_anno.txt,0.562445
1400,Swordfish_0244244_anno.txt,0.628964
1401,The Maltese Falcon_0033870_anno.txt,0.343501
1402,The Cincinnati Kid_0059037_anno.txt,0.490756
1403,Raised by Wolves_9170108_anno.txt,0.711102
1404,True Believer_0098524_anno.txt,0.703153
1405,Celeste Jesse Forever_1405365_anno.txt,0.730625
1406,Intolerable Cruelty_0138524_anno.txt,0.670633
1407,Romeo Juliet_0117509_anno.txt,0.437706
1408,The Treasure of the Sierra Madre_0040897_anno.txt,0.216283
1409,The Fourth Kind_1220198_anno.txt,0.547347
1410,Clue_0088930_anno.txt,0.556424
1411,Thor_0800369_anno.txt,0.414877
1412,They_0283632_anno.txt,0.669322
1413,Knight Moves_0104627_anno.txt,0.625766
1414,Snatch_0208092_anno.txt,0.320946
1415,A Good Year_0401445_anno.txt,0.52626
1416,Stay_0371257_anno.txt,0.675848
1417,Interstellar_0816692_anno.txt,0.563499
1418,Erik the Viking_0097289_anno.txt,0.47066
1419,Barbershop_0303714_anno.txt,0.229683
1420,The Lobster_3464902_anno.txt,0.500777
1421,The Devil s Advocate_0118971_anno.txt,0.617744
1422,Tarzan s Secret Treasure_0034266_anno.txt,0.215897
1423,1408_0450385_anno.txt,0.644588
1424,Little Miss Sunshine_0449059_anno.txt,0.642644
1425,Boy Who Never Slept_1781782_anno.txt,0.867359
1426,Troy_0332452_anno.txt,0.44391
1427,The Savages_0775529_anno.txt,0.676087
1428,The Hunt for Red October_0099810_anno.txt,0.235227
1429,Boyz n the Hood_0101507_anno.txt,0.444444
1430,The Muppets_1204342_anno.txt,0.3931
1431,Vegas Baby_0432373_anno.txt,0.507181
1432,Bad Moon_0115610_anno.txt,0.756424
1433,Dr Jekyll and Mr Hyde_0022835_anno.txt,0.490989
1434,Return to Sender_2948790_anno.txt,0.510362
1435,Alien Covenant_2316204_anno.txt,0.529246
1436,Prisoners_1392214_anno.txt,0.517311
1437,There s Something About Mary_0129387_anno.txt,0.553909
1438,A Separation_1832382_anno.txt,0.648778
1439,The Way Way Back_1727388_anno.txt,0.463307
1440,Tin Cup_0117918_anno.txt,0.710215
1441,Ninja Assassin_1186367_anno.txt,0.614662
1442,Real Genius_0089886_anno.txt,0.566888
1443,Elizabethtown_0368709_anno.txt,0.574677
1444,Friday_0113118_anno.txt,0.589038
1445,Shakespeare in Love_0138097_anno.txt,0.546825
1446,Blue Ruin_2359024_anno.txt,0.553958
1447,Scream 3_0134084_anno.txt,0.380736
1448,Saboteur_0035279_anno.txt,0.258965
1449,Confessions of a Dangerous Mind_0270288_anno.txt,0.59252
1450,Insomnia_0278504_anno.txt,0.576459
1451,The Fugitive_0106977_anno.txt,0.433098
1452,The Shape of Water_5580390_anno.txt,0.600799
1453,To Catch a Thief_0048728_anno.txt,0.717307
1454,Velvet Goldmine_0120879_anno.txt,0.295479
1455,Honey I Shrunk the Kids_0097523_anno.txt,0.432292
1456,Okja_3967856_anno.txt,0.472957
1457,S W A T_0257076_anno.txt,0.470441
1458,The Bourne Identity_0258463_anno.txt,0.517222
1459,The Avengers_0118661_anno.txt,0.610812
1460,The Sisters Brothers_4971344_anno.txt,0.776308
1461,Newton_6484982_anno.txt,0.498944
1462,Lock Stock and Two Smoking Barrels_0120735_anno.txt,0.328521
1463,3 Idiots_1187043_anno.txt,0.220167
1464,Sex Drive_1135985_anno.txt,0.652183
1465,Deja Vu_0453467_anno.txt,0.549306
1466,The Tattooist_0817228_anno.txt,0.543475
1467,Her Smell_7942742_anno.txt,0.67821
1468,Unfaithful_0250797_anno.txt,0.612444
1469,Four Feathers_0005353_anno.txt,0.461555
1470,Makebelieve_0305793_anno.txt,0.545831
1471,Caf Majestic_0257298_anno.txt,0.381957
1472,Air Force One_0118571_anno.txt,0.412136
1473,The Interpreter_0373926_anno.txt,0.564183
1474,Buried_1462758_anno.txt,0.798996
1475,Face Off_0119094_anno.txt,0.601205
1476,Pirates of the Caribbean At World s End_0449088_anno.txt,0.444929
1477,VR 5_0112209_anno.txt,0.610812
1478,Music of the Heart_0166943_anno.txt,0.664215
1479,Lucy in the Sky_4682804_anno.txt,0.647241
1480,Bridget Jones s Baby_1473832_anno.txt,0.63383
1481,47 Ronin_1335975_anno.txt,0.569543
1482,Olympus Has Fallen_2302755_anno.txt,0.447087
1483,Halloween Resurrection_0220506_anno.txt,0.282051
1484,Romeo Must Die_0165929_anno.txt,0.384109
1485,Mark Felt The Man Who Brought Down the White House_5175450_anno.txt,0.574611
1486,Hair Show_0382561_anno.txt,0.522165
1487,Mean Streets_0070379_anno.txt,0.502538
1488,Dunkirk_5013056_anno.txt,0.297616
1489,Star Wars Episode VII The Force Awakens_2488496_anno.txt,0.463316
1490,As Good as It Gets_0119822_anno.txt,0.8015
1491,Mulholland Dr_1619856_anno.txt,0.473198
1492,The Witches of Eastwick_0094332_anno.txt,0.630618
1493,An Affair to Remember_0050105_anno.txt,0.541678
1494,Moonlight_4975722_anno.txt,0.548931
1495,Mystery Men_0132347_anno.txt,0.456056
1496,Home Alone 2 Lost in New York_0104431_anno.txt,0.447127
1497,Superman_0078346_anno.txt,0.088555
1498,The Little Mermaid_0097757_anno.txt,1.0
1499,21 Grams_0315733_anno.txt,0.374276
1500,Super Dark Times_5112578_anno.txt,0.584334
1501,Inventing the Abbotts_0119381_anno.txt,0.638042
1502,Bill Ted Face the Music_1086064_anno.txt,0.585201
1503,Jaws_0073195_anno.txt,0.653108
1504,Tender Mercies_0086423_anno.txt,0.449386
1505,The Sorcerer s Apprentice_0963966_anno.txt,0.739093
1506,Lake Placid_0139414_anno.txt,0.70431
1507,Let Me In_1228987_anno.txt,0.458367
1508,Juno_0467406_anno.txt,0.673819
1509,Where the Wild Things Are_0386117_anno.txt,0.668841
1510,Burning Annie_0307879_anno.txt,0.675343
1511,Stone_1423995_anno.txt,0.72897
1512,Mean Girls_0377092_anno.txt,0.384423
1513,Reasonable Doubt_2304953_anno.txt,0.584786
1514,The Boondock Saints II All Saints Day_1300851_anno.txt,0.389242
1515,He s Just Not That Into You_1001508_anno.txt,0.404739
1516,Westworld_0475784_anno.txt,0.535886
1517,Homicide The Movie_0226771_anno.txt,0.315603
1518,The Mummy_0120616_anno.txt,0.609064
1519,The Lorax_1482459_anno.txt,0.626877
1520,Clash of the Titans_0800320_anno.txt,0.361098
1521,The Aviator_0338751_anno.txt,0.646737
1522,The Debt_1226753_anno.txt,0.656346
1523,You Can Count on Me_0203230_anno.txt,0.82633
1524,Analyze That_0289848_anno.txt,0.685495
1525,Flipped_0817177_anno.txt,0.599959
1526,The Island of Dr Moreau_0116654_anno.txt,0.706792
1527,Boiler Room_0181984_anno.txt,0.544599
1528,Nashville_0073440_anno.txt,0.263571
1529,Taking Lives_0364045_anno.txt,0.766379
1530,Nick of Time_0113972_anno.txt,0.556152
1531,The Thing Called Love_0108327_anno.txt,0.654928
1532,Superman IV The Quest for Peace_0094074_anno.txt,0.259108
1533,Paul_1092026_anno.txt,0.572628
1534,Taxi Driver_0075314_anno.txt,0.589996
1535,Leaving Las Vegas_0113627_anno.txt,0.809755
1536,1492 Conquest of Paradise_0103594_anno.txt,0.568484
1537,Crawl_8364368_anno.txt,0.929196
1538,Moby Dick_0049513_anno.txt,0.603094
1539,S Darko_1231277_anno.txt,0.497657
1540,Backdraft_0101393_anno.txt,0.598776
1541,Ronin_0122690_anno.txt,0.599508
1542,Hope and Glory_0093209_anno.txt,0.466309
1543,Girls Trip_3564472_anno.txt,0.597235
1544,12 Years a Slave_2024544_anno.txt,0.357947
1545,Love Bones_2419232_anno.txt,0.515971
1546,Fargo_2802850_anno.txt,0.570626
1547,The Bourne Supremacy_0372183_anno.txt,0.409965
1548,Nine_0875034_anno.txt,0.572155
1549,Children of the Corn_0087050_anno.txt,0.623133
1550,Pineapple Express_0910936_anno.txt,0.795071
1551,Beaches_0094715_anno.txt,0.674104
1552,Your Highness_1240982_anno.txt,0.572271
1553,Gamer_1034032_anno.txt,0.371954
1554,South Park Bigger Longer Uncut_0158983_anno.txt,0.290937
1555,Harriet_4648786_anno.txt,0.467416
1556,Cowboys Aliens_0409847_anno.txt,0.410074
1557,Burn After Reading_0887883_anno.txt,0.525268
1558,The Night of the Hunter_0048424_anno.txt,0.514282
1559,The Equalizer_0455944_anno.txt,0.584838
1560,Mystic River_0327056_anno.txt,0.513258
1561,Coraline_0327597_anno.txt,0.57453
1562,Watchmen_0409459_anno.txt,0.456429
1563,The Strangers_0482606_anno.txt,0.881252
1564,Star Trek The Next Generation_0092455_anno.txt,0.420572
1565,The Hospital_0067217_anno.txt,0.508164
1566,Stargate_0111282_anno.txt,0.645684
1567,The End of the Tour_3416744_anno.txt,0.91748
1568,WarGames_0086567_anno.txt,0.308235
1569,Super 8_1650062_anno.txt,0.493682
1570,Southern Comfort_0083111_anno.txt,0.493025
1571,Green Lantern_1133985_anno.txt,0.436682
1572,Flight_1907668_anno.txt,0.457877
1573,MacGruber_1470023_anno.txt,0.775305
1574,Animal Among Us_3612008_anno.txt,0.649212
1575,Jerry Maguire_0116695_anno.txt,0.626721
1576,Before Sunset_0381681_anno.txt,0.964215
1577,Lost in America_0089504_anno.txt,0.818669
1578,Little Nicky_0185431_anno.txt,0.431217
1579,The Squid and the Whale_0367089_anno.txt,0.652565
1580,Evil Under the Sun_0083908_anno.txt,0.599255
1581,The Arrival_0115571_anno.txt,0.583436
1582,Harry Potter and the Half Blood Prince_0417741_anno.txt,0.527683
1583,Mud_1935179_anno.txt,0.634488
1584,Elizabeth Blue_5881892_anno.txt,0.779838
1585,In the Heat of the Night_0061811_anno.txt,0.397604
1586,The Year of Living Dangerously_0086617_anno.txt,0.390398
1587,Friday the 13th Part VI Jason Lives_0091080_anno.txt,0.518087
1588,Get Carter_0067128_anno.txt,0.584902
1589,What They Had_6662736_anno.txt,0.74388
1590,Rent_0294870_anno.txt,0.396277
1591,The Adventures of Ford Fairlane_0098987_anno.txt,0.637908
1592,Sense and Sensibility_0114388_anno.txt,0.501453
1593,Fallen Angels_0112913_anno.txt,0.606782
1594,El cantante_0458522_anno.txt,0.744725
1595,Scrooged_0096061_anno.txt,0.492746
1596,Surveillance_0261336_anno.txt,0.649108
1597,Flash Gordon_0080745_anno.txt,0.36185
1598,Game of Thrones_0944947_anno.txt,0.354713
1599,Saving Private Ryan_0120815_anno.txt,0.701579
1600,Stir of Echoes_0164181_anno.txt,0.562072
1601,What Lies Beneath_0161081_anno.txt,0.817412
1602,Ocean s Twelve_0349903_anno.txt,0.376021
1603,Mumford_0140397_anno.txt,0.597722
1604,The Sting_0070735_anno.txt,0.362725
1605,A Quiet Place_6644200_anno.txt,0.438943
1606,The Last Black Man in San Francisco_4353250_anno.txt,0.551459
1607,Pacific Rim_1663662_anno.txt,0.425446
1608,Monkeybone_0166276_anno.txt,0.422838
1609,500 Days of Summer_1022603_anno.txt,0.715331
1610,Se7en_0114369_anno.txt,0.686082
1611,Jumanji_0113497_anno.txt,0.503607
1612,Arbitrage_1764183_anno.txt,0.499433
1613,Smoke Gets in Your Eyes_0614236_anno.txt,0.525571
1614,Never Been Kissed_0151738_anno.txt,0.567437
1615,Frozen River_0978759_anno.txt,0.738685
1616,Three Kings_0120188_anno.txt,0.468704
1617,Only Lovers Left Alive_1714915_anno.txt,0.810282
1618,I ll See You in My Dreams_3236120_anno.txt,0.587217
1619,Reservoir Dogs Sundance Institute 1991 June Film Lab_6493238_anno.txt,0.737482
1620,Nixon_0113987_anno.txt,0.591279
1621,Shivers_0073705_anno.txt,0.508318
1622,Bad Times at the El Royale_6628394_anno.txt,0.443125
1623,Bad Day at Black Rock_0047849_anno.txt,0.631176
1624,Me and Earl and the Dying Girl_2582496_anno.txt,0.731383
1625,The Nun_5814060_anno.txt,0.695586
1626,The Omen_0075005_anno.txt,0.58704
1627,Before Midnight_2209418_anno.txt,0.884392
1628,Wonder Boys_0185014_anno.txt,0.667665
1629,Dallas Buyers Club_0790636_anno.txt,0.715663
1630,Annie Hall_0075686_anno.txt,0.769138
1631,Hellraiser Bloodline_0116514_anno.txt,0.390431
1632,Under the Skin_1441395_anno.txt,0.486096
1633,Enough Said_2390361_anno.txt,0.693035
1634,The Irishman_1302006_anno.txt,0.735784
1635,300_0416449_anno.txt,0.527588
1636,Lights Out_4786282_anno.txt,0.658967
1637,The Pelican Brief_0107798_anno.txt,0.465585
1638,Hellboy_0167190_anno.txt,0.482194
1639,Toy Story 3_0435761_anno.txt,0.425191
1640,Home Alone_0099785_anno.txt,0.319841
1641,Cross of Iron_0074695_anno.txt,0.636093
1642,Disobedience_6108178_anno.txt,0.706656
1643,Hollow Man_0533545_anno.txt,0.704698
1644,Eighth Grade_7014006_anno.txt,0.659816
1645,My Best Friend s Birthday_0359715_anno.txt,0.583819
1646,The Mist_0884328_anno.txt,0.447538
1647,The Toy_0084809_anno.txt,0.672656
1648,Bringing Up Baby_0029947_anno.txt,0.733297
1649,When Harry Met Sally_0098635_anno.txt,0.710024
1650,The Back up Plan_1212436_anno.txt,0.713755
1651,American Ultra_3316948_anno.txt,0.563657
1652,The Secret Life of Pets_2709768_anno.txt,0.585584
1653,Jennifer s Body_1131734_anno.txt,0.66091
1654,First Reformed_6053438_anno.txt,0.732357
1655,Hotel Transylvania 2_2510894_anno.txt,0.583376
1656,The Battle of Shaker Heights_0357470_anno.txt,0.655255
1657,Mumbai Diaries_1433810_anno.txt,0.465041
1658,Normal Adolescent Behavior_0790721_anno.txt,0.559707
1659,Promised Land_2091473_anno.txt,0.610094
1660,The Mirror Has Two Faces_0117057_anno.txt,0.679483
1661,Cop Land_0118887_anno.txt,0.431751
1662,About Time_2194499_anno.txt,0.691636
1663,The Long Kiss Goodnight_0116908_anno.txt,0.539905
1664,Austin Powers The Spy Who Shagged Me_0145660_anno.txt,0.671501
1665,The Devil s Own_0118972_anno.txt,0.343385
1666,Eternal Sunshine of the Spotless Mind_0338013_anno.txt,0.659343
1667,The Rookie_0265662_anno.txt,0.461599
1668,S1m0ne_0258153_anno.txt,0.583763
1669,Lincoln_0443272_anno.txt,0.483889
1670,Inglourious Basterds_0361748_anno.txt,0.25903
1671,My Name Is Bruce_0489235_anno.txt,0.664668
1672,Dark Games_1234927_anno.txt,0.78992
1673,Max Payne_0467197_anno.txt,0.438383
1674,The Crazies_0455407_anno.txt,0.772775
1675,Harry Potter and the Goblet of Fire_0330373_anno.txt,0.399873
1676,Robin Hood_4532826_anno.txt,0.456406
1677,The Saint_0055701_anno.txt,0.44264
1678,Bloodwork_0711844_anno.txt,0.622977
1679,The Pursuit of Happyness_0454921_anno.txt,0.727919
1680,Crash_0115964_anno.txt,0.670683
1681,You Were Never Really Here_5742374_anno.txt,0.420083
1682,Ran_0089881_anno.txt,0.421382
1683,The A Team_0429493_anno.txt,0.559527
1684,Monster s Ball_0285742_anno.txt,0.409739
1685,Ed Wood_0109707_anno.txt,0.624945
1686,Metro_0119664_anno.txt,0.679974
1687,WALL E_0910970_anno.txt,0.542668
1688,Alone in the Dark_0369226_anno.txt,0.483367
1689,Gandhi_0083987_anno.txt,0.482934
1690,Pandorum_1188729_anno.txt,0.672218
1691,16 Blocks_0450232_anno.txt,0.80116
1692,The Girl on the Train_3631112_anno.txt,0.609415
1693,Night of the Living Dead_0063350_anno.txt,0.511111
1694,How to Lose Friends Alienate People_0455538_anno.txt,0.618586
1695,The King s Speech_1504320_anno.txt,0.652498
1696,The Roommate_1265990_anno.txt,0.664726
1697,National Treasure_0368891_anno.txt,0.597405
1698,Get on Up_2473602_anno.txt,0.617588
1699,The Usual Suspects_0114814_anno.txt,0.478189
1700,The World Is Not Enough_0143145_anno.txt,0.590316
1701,The Cider House Rules_0124315_anno.txt,0.556791
1702,Stranger Than Fiction_0420223_anno.txt,0.701302
1703,Unknown_1401152_anno.txt,0.579886
1704,Say Anything_0098258_anno.txt,0.5306
1705,Strange Days_0114558_anno.txt,0.652394
1706,Game Night_2704998_anno.txt,0.536312
1707,Pain and Glory_8291806_anno.txt,0.610676
1708,The Dark Knight_0468569_anno.txt,0.40021
1709,Chapter One Genesis_0759572_anno.txt,0.274408
1710,I Love You Man_1155056_anno.txt,0.740617
1711,Harold and Maude_0067185_anno.txt,0.688459
1712,Brick_0393109_anno.txt,0.64013
1713,The Matrix Revolutions_0242653_anno.txt,0.292037
1714,Whiteout_0365929_anno.txt,0.693494
1715,Sixteen Candles_0088128_anno.txt,0.444856
1716,Heat_0113277_anno.txt,0.498118
1717,Green Book_6966692_anno.txt,0.625421
1718,22 July_7280898_anno.txt,0.375508
1719,Scary Movie 2_0257106_anno.txt,0.393511
1720,The 40 Year Old Virgin_0405422_anno.txt,0.621717
1721,Noah_1959490_anno.txt,0.514131
1722,Days of Thunder_0099371_anno.txt,0.510461
1723,Sister Act_0105417_anno.txt,0.679675
1724,Body Double_0086984_anno.txt,0.930236
1725,The Wolfman_0780653_anno.txt,0.679871
1726,Snow Falling on Cedars_0120834_anno.txt,0.527491
1727,Dumb and Dumberer When Harry Met Lloyd_0329028_anno.txt,0.616882
1728,The Postman_0119925_anno.txt,0.668161
1729,Whiplash_2582802_anno.txt,0.773768
1730,The Saint_0120053_anno.txt,0.44264
1731,Rolling Thunder_0076637_anno.txt,0.614161
1732,Chronicle_1706593_anno.txt,0.711083
1733,The Relic_0120004_anno.txt,0.504015
1734,Willard_0310357_anno.txt,0.761611
1735,Moon_1182345_anno.txt,0.864967
1736,Horrible Bosses_1499658_anno.txt,0.588114
1737,Drugstore Cowboy_0097240_anno.txt,0.666184
1738,Frost Portrait of a Vampire_0212277_anno.txt,0.274356
1739,Blockers_2531344_anno.txt,0.489786
1740,Land of Mine_3841424_anno.txt,0.671967
1741,Up in the Air_1193138_anno.txt,0.714044
1742,The Middleman_1122770_anno.txt,0.664212
1743,The Happening_0949731_anno.txt,0.575226
1744,Ocean s 11_0054135_anno.txt,0.356309
1745,12 Angry Men_0118528_anno.txt,0.450798
1746,Mr Mrs Smith_0356910_anno.txt,0.726991
1747,Catwoman_0327554_anno.txt,0.517479
1748,Inside Out_2096673_anno.txt,0.53641
1749,The Green Mile_0120689_anno.txt,0.519114
1750,The Iron Lady_1007029_anno.txt,0.617341
1751,In the Valley of Elah_0478134_anno.txt,0.616216
1752,Straight Outta Compton_1398426_anno.txt,0.505374
1753,The Guest_2980592_anno.txt,0.580401
1754,The Switch_0889573_anno.txt,0.683391
1755,The Chronicles of Narnia The Lion the Witch and the Wardrobe_0363771_anno.txt,0.39337
1756,Damsels in Distress_1667307_anno.txt,0.585789
1757,The Cocoanuts_0019777_anno.txt,0.646234
1758,Black Hawk Down_0265086_anno.txt,0.307643
1759,An Education_1174732_anno.txt,0.671466
1760,Next Friday_0195945_anno.txt,0.549124
1761,Galaxy Quest_0177789_anno.txt,0.470257
1762,Collateral Damage_0699285_anno.txt,0.378229
1763,Bound_0115736_anno.txt,0.85066
1764,Highlander_0091203_anno.txt,0.461559
1765,We Bought a Zoo_1389137_anno.txt,0.709983
1766,Donnie Darko_0246578_anno.txt,0.534958
1767,Lethal Weapon 4_0122151_anno.txt,0.619388
1768,Alice in Wonderland_1014759_anno.txt,0.548162
1769,K PAX_0272152_anno.txt,0.646594
1770,Fright Night_0089175_anno.txt,0.518999
1771,The Twilight Saga Eclipse_1325004_anno.txt,0.541223
1772,Kalifornia_0107302_anno.txt,0.700475
1773,Fear of Clowns_0362636_anno.txt,0.680397
1774,Sicario_3397884_anno.txt,0.583312
1775,Trainwreck_3152624_anno.txt,0.62924
1776,Independence Day_0116629_anno.txt,0.30721
1777,Date Night_1279935_anno.txt,0.617549
1778,Man Trouble_0104804_anno.txt,0.684587
1779,Gold_1800302_anno.txt,0.714158
1780,The Hebrew Hammer_0317640_anno.txt,0.592274
1781,Manchester by the Sea_4034228_anno.txt,0.637253
1782,Stolen Summer_0286162_anno.txt,0.66209
1783,The Silence of the Lambs_0102926_anno.txt,0.679767
1784,Metropolis_0017136_anno.txt,0.55679
1785,Point Break_0102685_anno.txt,0.676449
1786,Seven Years in Tibet_0120102_anno.txt,0.812692
1787,One Way Passage_0023305_anno.txt,0.544003
1788,Detroit Rock City_0165710_anno.txt,0.435066
1789,Courage Under Fire_0115956_anno.txt,0.481677
1790,Hook_0102057_anno.txt,0.506107
1791,Get Him to the Greek_1226229_anno.txt,0.782486
1792,Fighting Belle_5662022_anno.txt,0.644205
1793,The Ugly Truth_1142988_anno.txt,0.763771
1794,Bean_0118689_anno.txt,0.561935
1795,The Getaway_0068638_anno.txt,0.649715
1796,The Lord of the Rings The Return of the King_0167260_anno.txt,0.333759
1797,Rocky V_0100507_anno.txt,0.602193
1798,The Iron Giant_0129167_anno.txt,0.724456
1799,Cedar Rapids_1477837_anno.txt,0.529191
1800,The Royal Tenenbaums_0265666_anno.txt,0.491456
1801,Panic Room_0258000_anno.txt,0.534311
1802,A Monster Calls_3416532_anno.txt,0.439055
1803,Star Wars Episode II Attack of the Clones_0121765_anno.txt,0.601077
1804,Encrypt_0338963_anno.txt,0.706094
1805,A Mighty Heart_0829459_anno.txt,0.468244
1806,Transformers_0418279_anno.txt,0.315131
1807,Branagh Theatre Live Romeo and Juliet_5943392_anno.txt,0.62997
1808,Amadeus_0086879_anno.txt,0.50423
1809,K2_0102178_anno.txt,0.687942
1810,Hard Eight_0119256_anno.txt,0.753077
1811,Good Will Hunting_0119217_anno.txt,0.647505
1812,Battle of the Sexes_4622512_anno.txt,0.528448
1813,Charlie s Angels_0160127_anno.txt,0.47537
1814,Sweet Smell of Success_0051036_anno.txt,0.666898
1815,Barney s Version_1423894_anno.txt,0.522848
1816,Manhunter_0091474_anno.txt,0.488795
1817,Stuart Little 2_0243585_anno.txt,0.531647
1818,Legion_1038686_anno.txt,0.379606
1819,Hollow Man_0164052_anno.txt,0.704577
1820,Moulin Rouge_0203009_anno.txt,0.420308
1821,20th Century Women_4385888_anno.txt,0.718719
1822,Coco_2380307_anno.txt,0.600109
1823,Lee Daniels The Butler_1327773_anno.txt,0.465281
1824,Tall in the Saddle_0037343_anno.txt,0.466922
1825,The Body Snatcher_0037549_anno.txt,0.769599
1826,Gone Baby Gone_0452623_anno.txt,0.454746
1827,The Godfather Part II_0071562_anno.txt,0.38797
1828,End of Watch_1855199_anno.txt,0.564165
1829,Raising Arizona_0093822_anno.txt,0.490432
1830,Moneyball_1210166_anno.txt,0.542952
1831,Loveless_6304162_anno.txt,0.60158
1832,Gang Related_0118900_anno.txt,0.542136
1833,Black Christmas_0454082_anno.txt,0.41982
1834,The Poseidon Adventure_0069113_anno.txt,0.394626
1835,ParaNorman_1623288_anno.txt,0.502801
1836,Revolutionary Road_0959337_anno.txt,0.778092
1837,A Perfect World_0107808_anno.txt,0.584995
1838,Salt_0944835_anno.txt,0.546376
1839,Harvey_0042546_anno.txt,0.623087
1840,Star Wars Episode I The Phantom Menace_0120915_anno.txt,0.479327
1841,Sabrina_0047437_anno.txt,0.887405
1842,Far from Heaven_0297884_anno.txt,0.686906
1843,Five Easy Pieces_0065724_anno.txt,0.594384
1844,Focus_2381941_anno.txt,0.735521
1845,Demolition Man_0106697_anno.txt,0.586307
1846,Candyman_0103919_anno.txt,0.483835
1847,The Lost World_0016039_anno.txt,0.501347
1848,The Curious Case of Benjamin Button_0421715_anno.txt,0.580233
1849,Anaconda_0118615_anno.txt,0.45132
1850,Purple Rain_0087957_anno.txt,0.565848
1851,Elizabeth The Golden Age_0414055_anno.txt,0.495536
1852,Repo Men_1053424_anno.txt,0.642765
1853,Paris Texas_0087884_anno.txt,0.433114
1854,Shaun of the Dead_0365748_anno.txt,0.645894
1855,Tomorrow Never Dies_0120347_anno.txt,0.515949
1856,North by Northwest_0053125_anno.txt,0.415519
1857,John Tucker Must Die_0455967_anno.txt,0.633199
1858,Creed_3076658_anno.txt,0.679864
1859,Who Framed the Good Cop_7211154_anno.txt,0.696221
1860,Swingers_0117802_anno.txt,0.709393
1861,The Proposal_1041829_anno.txt,0.668874
1862,The Disaster Artist_3521126_anno.txt,0.704499
1863,The Ice Storm_0119349_anno.txt,0.509115
1864,The Producers_0063462_anno.txt,0.764349
1865,The Graduate_0061722_anno.txt,0.801085
1866,Sleepless in Seattle_0108160_anno.txt,0.607937
1867,Platoon_0091763_anno.txt,0.375335
1868,Into the Wild_0758758_anno.txt,0.576431
1869,Night at the Museum_0477347_anno.txt,0.511225
1870,Storytelling_0250081_anno.txt,0.424631
1871,Happiness_0147612_anno.txt,0.400278
1872,In the Loop_1226774_anno.txt,0.484734
1873,The Kingdom_0431197_anno.txt,0.483515
1874,Duel_0067023_anno.txt,0.733595
1875,Tremors_0100814_anno.txt,0.710812
1876,Pilot_0235326_anno.txt,0.604088
1877,Good Vibrations_1920945_anno.txt,0.587389
1878,A Fish Called Wanda_0095159_anno.txt,0.580543
1879,Caddyshack_0080487_anno.txt,0.351348
1880,Overlord_4530422_anno.txt,0.694827
1881,The Master_1560747_anno.txt,0.678707
1882,The Cell_0209958_anno.txt,0.577507
1883,Life of Pi_0454876_anno.txt,0.68596
1884,Looper_1276104_anno.txt,0.610381
1885,The Limey_0165854_anno.txt,0.598139
1886,Hold the Dark_5057140_anno.txt,0.599085
1887,Taken_0936501_anno.txt,0.575079
1888,The Change Up_1488555_anno.txt,0.836817
1889,Children of Men_0206634_anno.txt,0.409779
1890,Vicky Cristina Barcelona_0497465_anno.txt,0.606171
1891,The Song of Names_1657517_anno.txt,0.585346
1892,The Odd Couple II_0120773_anno.txt,0.730252
1893,Up All Night_1843323_anno.txt,0.535697
1894,Slender Man_5690360_anno.txt,0.704285
1895,I Tonya_5580036_anno.txt,0.67712
1896,Resident Evil_0120804_anno.txt,0.489439
1897,The Village_0368447_anno.txt,0.456418
1898,Young Frankenstein_0072431_anno.txt,0.397789
1899,Black Panther_1825683_anno.txt,0.333261
1900,Mr Holland s Opus_0113862_anno.txt,0.582473
1901,The Big Short_1596363_anno.txt,0.346619
1902,Twin Peaks Fire Walk with Me_0105665_anno.txt,0.337648
1903,Calvary_2234003_anno.txt,0.48961
1904,Driving Miss Daisy_0097239_anno.txt,0.8652
1905,The Watcher_0204626_anno.txt,0.641343
1906,RocknRolla_1032755_anno.txt,0.432238
1907,Salt of the Earth_0047443_anno.txt,0.538992
1908,The Beaver_1321860_anno.txt,0.801424
1909,Back to the Future Part II_0096874_anno.txt,0.544649
1910,End of Days_0146675_anno.txt,0.540391
1911,The Deer Hunter_0077416_anno.txt,0.538285
1912,I Saw the Light_1490785_anno.txt,0.60491
1913,Training Day_0139654_anno.txt,0.783704
1914,Maggie s Plan_3471098_anno.txt,0.769132
1915,The Thirteenth Floor_0139809_anno.txt,0.58449
1916,Altered States_0080360_anno.txt,0.625028
1917,I Still Know What You Did Last Summer_0130018_anno.txt,0.543249
1918,McCabe Mrs Miller_0067411_anno.txt,0.34675
1919,Quills_0180073_anno.txt,0.542422
1920,The Big Easy_0092654_anno.txt,0.526901
1921,Witness for the Prosecution_0051201_anno.txt,0.479996
1922,Seven Days to Live_0221928_anno.txt,0.738412
1923,Who s Your Daddy_0287138_anno.txt,0.597149
1924,Kung Fu Panda_0441773_anno.txt,0.670734
1925,Valentine_0242998_anno.txt,0.53582
1926,And Away We Go_1003594_anno.txt,0.643704
1927,Concussion_3322364_anno.txt,0.497824
1928,Star Trek V The Final Frontier_0098382_anno.txt,0.516164
1929,Dirty Girl_1107319_anno.txt,0.598535
1930,Speed_0111257_anno.txt,0.51806
1931,Conan the Barbarian_0816462_anno.txt,0.629834
1932,Spartan_0360009_anno.txt,0.562244
1933,We Need to Talk About Kevin_1242460_anno.txt,0.849263
1934,Gremlins_0087363_anno.txt,0.442996
1935,The Last of the Mohicans_0104691_anno.txt,0.457934
1936,Avengers Endgame_4154796_anno.txt,0.351578
1937,Double Indemnity_0036775_anno.txt,0.681554
1938,Superbad_0829482_anno.txt,0.680423
1939,Joe Versus the Volcano_0099892_anno.txt,0.0
1940,The Jetsons Meet the Flintstones_0192175_anno.txt,0.48547
1941,Flashdance_0085549_anno.txt,0.477096
1942,Searching_7668870_anno.txt,0.561116
1943,The Believer_0247199_anno.txt,0.545142
1944,The Distinguished Gentleman_0104114_anno.txt,0.555345
1945,Mr Brooks_0780571_anno.txt,0.619355
1946,Motherless Brooklyn_0385887_anno.txt,0.478209
1947,King Kong_0360717_anno.txt,0.499024
1948,On the Basis of Sex_4669788_anno.txt,0.584694
1949,The Maze Runner_1790864_anno.txt,0.573377
1950,Submarine_1440292_anno.txt,0.687522
1951,Fruitvale Station_2334649_anno.txt,0.601999
1952,The Perks of Being a Wallflower_1659337_anno.txt,0.717418
1953,Midnight Cowboy_0064665_anno.txt,0.643539
1954,St Elmo s Fire_0090060_anno.txt,0.37896
1955,Gods and Monsters_0120684_anno.txt,0.805032
1956,Marriage Story_7653254_anno.txt,0.667183
1957,The Predator_3829266_anno.txt,0.508022
1958,Scott Pilgrim vs the World_0446029_anno.txt,0.587436
1959,The Men Who Stare at Goats_1234548_anno.txt,0.644503
1960,J Edgar_1616195_anno.txt,0.704496
1961,Veep_1759761_anno.txt,0.480972
1962,The Phantom of the Opera_0016220_anno.txt,0.594197
1963,Hacksaw Ridge_2119532_anno.txt,0.616741
1964,Toy Story 2_0120363_anno.txt,0.413993
1965,Lars and the Real Girl_0805564_anno.txt,0.528429
1966,Colette_5437928_anno.txt,0.724307
1967,Twilight Zone The Movie_0086491_anno.txt,0.658063
1968,Angels with Dirty Faces_0029870_anno.txt,0.265913
1969,The Bourne Ultimatum_0440963_anno.txt,0.544251
1970,Kate Leopold_0035423_anno.txt,0.818878
1971,Avatar_0499549_anno.txt,0.571009
1972,Testament of Youth_1441953_anno.txt,0.687134
1973,Hellboy II The Golden Army_0411477_anno.txt,0.45581
1974,Green Guys_1514045_anno.txt,0.58221
1975,The Great Gatsby_1343092_anno.txt,0.676269
1976,Beetlejuice_0094721_anno.txt,0.408707
1977,The Darjeeling Limited_0838221_anno.txt,0.767416
1978,Frank Miller s Sin City A Dame to Kill For_0458481_anno.txt,0.728695
1979,Blade_0120611_anno.txt,0.641081
1980,The Aeronauts_6141246_anno.txt,0.815897
1981,Jeepers Creepers_0263488_anno.txt,0.730623
1982,Anonymous_1521197_anno.txt,0.336901
1983,My Friend Dahmer_2291540_anno.txt,0.50716
1984,BlacKkKlansman_7349662_anno.txt,0.474615
1985,Suspiria_1034415_anno.txt,0.506355
1986,Luke and Brie Are on a First Date_1106815_anno.txt,0.822252
1987,The Fifth Estate_1837703_anno.txt,0.0
1988,The Double_1825157_anno.txt,0.664975
1989,Breach_0401997_anno.txt,0.805587
1990,The Crow Salvation_0132910_anno.txt,0.462961
1991,Mighty Joe Young_0120751_anno.txt,0.530652
1992,Young Adult_1625346_anno.txt,0.742047
1993,Enough_0278435_anno.txt,0.476049
1994,Traffic_0181865_anno.txt,0.305608
1995,Love Actually_0314331_anno.txt,0.243335
1996,Three Days of the Condor_0073802_anno.txt,0.510201
1997,The Terminator_0088247_anno.txt,0.613595
